-- phpMyAdmin SQL Dump
-- version 4.5.1
-- http://www.phpmyadmin.net
--
-- Хост: 127.0.0.1
-- Время создания: Авг 21 2016 г., 06:05
-- Версия сервера: 10.1.13-MariaDB
-- Версия PHP: 5.6.21

SET SQL_MODE = "NO_AUTO_VALUE_ON_ZERO";
SET time_zone = "+00:00";


/*!40101 SET @OLD_CHARACTER_SET_CLIENT=@@CHARACTER_SET_CLIENT */;
/*!40101 SET @OLD_CHARACTER_SET_RESULTS=@@CHARACTER_SET_RESULTS */;
/*!40101 SET @OLD_COLLATION_CONNECTION=@@COLLATION_CONNECTION */;
/*!40101 SET NAMES utf8mb4 */;

--
-- База данных: `ddm_gct`
--

-- --------------------------------------------------------

--
-- Структура таблицы `company`
--

CREATE TABLE `company` (
  `id` int(10) UNSIGNED NOT NULL,
  `vud` varchar(40) NOT NULL,
  `id_region` int(10) UNSIGNED NOT NULL,
  `company` varchar(40) NOT NULL,
  `PIB` text NOT NULL,
  `contact` text NOT NULL,
  `telefon` text NOT NULL,
  `email` text NOT NULL
) ENGINE=InnoDB DEFAULT CHARSET=utf8;

--
-- Дамп данных таблицы `company`
--

INSERT INTO `company` (`id`, `vud`, `id_region`, `company`, `PIB`, `contact`, `telefon`, `email`) VALUES
(1, '1', 2, 'dsgsdfgs', 'Іщенко Анатолій Йосипович', 'dvxcvxcv', '435345', ''),
(2, '1', 7, 'bnvbn', '', 'vbnvbnvbn', '', ''),
(3, '1', 3, 'nm,nm', '', 'nm,nm,', '', ''),
(4, '1', 1, 'hkjjhm', '', 'jmnmnbm', '', ''),
(5, '2', 10, 'fjfjqqqqq', 'fgj', 'fj', 'fj', 'fxdg@fcg.hgj');

-- --------------------------------------------------------

--
-- Структура таблицы `education`
--

CREATE TABLE `education` (
  `id` int(10) UNSIGNED NOT NULL,
  `id_jobseekers` int(10) UNSIGNED NOT NULL,
  `school` text CHARACTER SET utf8 NOT NULL,
  `specialty` varchar(40) CHARACTER SET utf8 NOT NULL,
  `level_school` varchar(40) CHARACTER SET utf8 NOT NULL,
  `freedate` date NOT NULL
) ENGINE=InnoDB DEFAULT CHARSET=utf8 COLLATE=utf8_german2_ci;

--
-- Дамп данных таблицы `education`
--

INSERT INTO `education` (`id`, `id_jobseekers`, `school`, `specialty`, `level_school`, `freedate`) VALUES
(1, 1, 'ывпаыв', 'ghjghj', 'ghjghjg', '2016-07-14'),
(4, 1, 'vcvxcv', 'cxvcx', 'vxcvx', '2016-07-05'),
(5, 1, 'vcvxcvdsf', 'cxvcxdf', 'vxcvxsdf', '2016-07-27'),
(6, 1, 'vcvxcvdsfbvnb', 'cxvcxdfvnvbn', 'vxcvxsdfvbnv', '2016-07-27'),
(7, 1, 'vcvxcvdhl;lhsfbvnb', 'cxvcxdfhl;vnvbn', 'vxcvxsdfvbnv', '2016-07-27'),
(8, 11, 'Київський національний економічний університет ім.В.Гетьмана', 'банківська справа', 'магістр', '2016-08-01'),
(9, 11, 'Національний університет ім.Т.Г.Шевченка', 'економіст', 'бакалавр', '2015-01-01'),
(11, 14, 'КПІ', 'Інженер', 'вищий', '0000-00-00');

-- --------------------------------------------------------

--
-- Структура таблицы `experience`
--

CREATE TABLE `experience` (
  `id` int(10) UNSIGNED NOT NULL,
  `id_jobseekers` int(10) UNSIGNED NOT NULL,
  `organization` varchar(40) CHARACTER SET utf8 NOT NULL,
  `experience` smallint(6) NOT NULL,
  `specialty` varchar(40) CHARACTER SET utf8 NOT NULL,
  `posada` varchar(40) CHARACTER SET utf8 NOT NULL
) ENGINE=InnoDB DEFAULT CHARSET=utf8 COLLATE=utf8_german2_ci;

--
-- Дамп данных таблицы `experience`
--

INSERT INTO `experience` (`id`, `id_jobseekers`, `organization`, `experience`, `specialty`, `posada`) VALUES
(3, 11, 'Страхова група ТАС', 36, 'бухгалтер', 'старший бухгалтер'),
(5, 14, 'КПІ', 30, 'Інженер', 'зав лабораторії');

-- --------------------------------------------------------

--
-- Структура таблицы `job_search`
--

CREATE TABLE `job_search` (
  `id` int(10) UNSIGNED NOT NULL,
  `id_jobseekers` int(10) UNSIGNED NOT NULL,
  `specialty` varchar(100) CHARACTER SET utf8 NOT NULL,
  `id_region` int(10) UNSIGNED DEFAULT NULL,
  `job_grapf` varchar(100) CHARACTER SET utf8 NOT NULL,
  `sort_job` varchar(40) CHARACTER SET utf8 NOT NULL,
  `salary` varchar(40) COLLATE utf8_german2_ci NOT NULL
) ENGINE=InnoDB DEFAULT CHARSET=utf8 COLLATE=utf8_german2_ci;

--
-- Дамп данных таблицы `job_search`
--

INSERT INTO `job_search` (`id`, `id_jobseekers`, `specialty`, `id_region`, `job_grapf`, `sort_job`, `salary`) VALUES
(1, 1, 'gjfdbgjbf', 5, '1', '2', '3000'),
(2, 1, 'cfvsf', 5, '1', '1', '343'),
(3, 1, 'hg', NULL, '1', '1', '52'),
(4, 1, 'fdh', NULL, '1', '1', '5654'),
(5, 1, 'fdh', NULL, '1', '1', '565664'),
(6, 1, 'fdh', NULL, '1', '1', '5656647897'),
(7, 11, 'бухгалтер', NULL, '1', '1', '8000'),
(8, 10, 'авропар', NULL, '1', '1', 'тлрол');

-- --------------------------------------------------------

--
-- Структура таблицы `job_seekers`
--

CREATE TABLE `job_seekers` (
  `id` int(10) UNSIGNED NOT NULL,
  `surname` char(40) CHARACTER SET utf8 NOT NULL,
  `jobseekername` char(40) CHARACTER SET utf8 NOT NULL,
  `father` char(40) CHARACTER SET utf8 NOT NULL,
  `birthdate` date NOT NULL,
  `stat` varchar(15) CHARACTER SET utf8 DEFAULT NULL,
  `pasport` char(40) CHARACTER SET utf8 NOT NULL,
  `adress` text CHARACTER SET utf8 NOT NULL,
  `contact` text CHARACTER SET utf8 NOT NULL,
  `email` char(40) CHARACTER SET utf8 DEFAULT NULL,
  `grup` char(40) CHARACTER SET utf8 DEFAULT NULL,
  `freedate` date DEFAULT NULL,
  `stvoreno` date NOT NULL,
  `id_wuser` int(10) UNSIGNED NOT NULL,
  `id_vud_inval` int(10) UNSIGNED DEFAULT NULL,
  `id_region` int(10) UNSIGNED NOT NULL,
  `statuswork` text CHARACTER SET utf8
) ENGINE=InnoDB DEFAULT CHARSET=utf8 COLLATE=utf8_german2_ci;

--
-- Дамп данных таблицы `job_seekers`
--

INSERT INTO `job_seekers` (`id`, `surname`, `jobseekername`, `father`, `birthdate`, `stat`, `pasport`, `adress`, `contact`, `email`, `grup`, `freedate`, `stvoreno`, `id_wuser`, `id_vud_inval`, `id_region`, `statuswork`) VALUES
(1, 'Хаха', 'sssssssssss', 's', '2016-07-13', 'female', 'hjhkhg', 'hkhjkh', 'jkhjkh', 'xzfv@fg.wae', 'ІІІ - група', '2016-07-14', '0000-00-00', 12, 1, 2, 'Працевлаштовано'),
(10, 'cbvnvcbn', 'cvbncvn', 'vbcnvc', '2016-08-25', 'male', 'vbcn', 'vbnvc', 'vbnvbn', 'fxdg@fcg.hgj', 'І А - група', '2016-08-18', '0000-00-00', 12, 1, 2, 'В пошуках'),
(11, 'Іванов', 'Іван', 'Іванович', '1987-12-28', 'male', 'АС 999555', 'м.Київ, пр-т.Перемоги 23', '050-456-55-55', 'ivanov87@gmail.com', 'ІІ - група', '2016-05-04', '0000-00-00', 12, 1, 2, 'В пошуках'),
(12, 'Степанов', 'Степан', 'Степанович', '2016-08-01', '', 'ВА 254666', 'ссчмсчм', 'чмсчм', 'sfddsf@fg.hj', 'ІІІ - група', '2016-08-02', '0000-00-00', 12, 1, 2, 'В пошуках'),
(14, 'Мазепа', 'Андрій', 'Олександрович', '2016-08-17', '', 'АА999666', 'м.Київ', '0500000000', 'andrew@i.ua', 'ІІ - група', '2016-08-17', '0000-00-00', 12, 1, 2, 'В пошуках'),
(15, 'Franklin', 'fdgdf', 'fdgfd', '1988-11-14', 'male', 'dfgd', 'fgdf', 'dfgfd', 'sfddsf@fg.hj', 'І А - група', '2016-08-10', '0000-00-00', 12, 1, 2, 'В пошуках'),
(16, 'Sims', 'Sim', 'Si', '2016-08-10', 'male', 'xcvxc', 'sdfsdf', 'sdfdsf', 'dgf@fghf.fgth', 'ІІІ - група', '2016-08-01', '0000-00-00', 12, NULL, 10, 'В пошуках'),
(17, 'Booom', 'Booo', 'B', '2016-08-03', 'female', 'dsfsd', 'dsfds', 'sdfs', 'xzfv@fg.wae', 'І Б - група', '2016-08-02', '0000-00-00', 12, NULL, 10, 'В пошуках'),
(18, 'Степанов', 'dsfd', 'dsfdsf', '2016-08-02', 'male', 'sdfdsf', 'dsfs', 'sdfsd', 'dsf@dsf.dfs', 'І А - група', '2016-08-19', '2016-08-20', 12, NULL, 10, 'В пошуках'),
(19, 'dfgdf', 'fdgfdg', 'dfgdgdf', '2016-08-08', 'female', 'fdgdfg', 'dfgdfg', 'dfgfdg', 'dfgdf@fx.sd', 'І А - група', '2016-08-18', '2016-08-21', 12, NULL, 26, 'В пошуках');

-- --------------------------------------------------------

--
-- Структура таблицы `more_made`
--

CREATE TABLE `more_made` (
  `id` int(10) UNSIGNED NOT NULL,
  `id_jobseekers` int(10) UNSIGNED NOT NULL,
  `vuddialnosti` varchar(40) NOT NULL,
  `made` text NOT NULL,
  `id_wuser` int(10) UNSIGNED NOT NULL,
  `data_made` date NOT NULL,
  `id_company` int(10) UNSIGNED DEFAULT NULL
) ENGINE=InnoDB DEFAULT CHARSET=utf8;

--
-- Дамп данных таблицы `more_made`
--

INSERT INTO `more_made` (`id`, `id_jobseekers`, `vuddialnosti`, `made`, `id_wuser`, `data_made`, `id_company`) VALUES
(1, 1, 'Дзвінок', '1111111111111', 12, '0000-00-00', NULL),
(2, 1, 'Зустріч з роботодавцем', 'hjlukl', 12, '0000-00-00', NULL),
(3, 1, 'Соціальний супровід', ',kf ,kf ,kf', 12, '0000-00-00', NULL),
(7, 17, 'Лист', 'sdfg', 12, '2016-08-14', NULL),
(8, 17, 'Лист', 'прарап', 12, '2016-08-16', NULL),
(9, 1, 'Відмовлено', 'gfhj', 12, '2016-08-21', NULL),
(10, 1, 'Відмовлено', 'dfsdfs', 12, '2016-08-21', NULL),
(11, 1, 'Відмовлено', 'dfsdfs', 12, '2016-08-21', NULL),
(12, 1, 'Працевлаштовано', 'чсмсчм', 12, '2016-08-21', NULL),
(13, 1, 'Направлено', 'імсчмчс', 12, '2016-08-21', 2);

-- --------------------------------------------------------

--
-- Структура таблицы `more_skills`
--

CREATE TABLE `more_skills` (
  `id` int(10) UNSIGNED NOT NULL,
  `id_jobseekers` int(10) UNSIGNED NOT NULL,
  `skills` text CHARACTER SET utf8 NOT NULL
) ENGINE=InnoDB DEFAULT CHARSET=latin1;

--
-- Дамп данных таблицы `more_skills`
--

INSERT INTO `more_skills` (`id`, `id_jobseekers`, `skills`) VALUES
(1, 1, 'fdsfdfsd'),
(2, 1, 'dsfdfs'),
(3, 11, 'креслення'),
(4, 10, 'счмсчм11111111');

-- --------------------------------------------------------

--
-- Структура таблицы `more_specialty`
--

CREATE TABLE `more_specialty` (
  `id` int(10) UNSIGNED NOT NULL,
  `id_jobseekers` int(10) UNSIGNED NOT NULL,
  `specialty` text CHARACTER SET utf8 NOT NULL
) ENGINE=InnoDB DEFAULT CHARSET=latin1;

--
-- Дамп данных таблицы `more_specialty`
--

INSERT INTO `more_specialty` (`id`, `id_jobseekers`, `specialty`) VALUES
(1, 1, 'nbnvb'),
(2, 1, 'vbnvbn'),
(3, 11, 'маляр'),
(4, 11, 'штукатур'),
(5, 10, 'фывапролд777777777777');

-- --------------------------------------------------------

--
-- Структура таблицы `past_resort`
--

CREATE TABLE `past_resort` (
  `id` int(10) UNSIGNED NOT NULL,
  `id_jobseekers` int(10) UNSIGNED NOT NULL,
  `organization` varchar(40) NOT NULL,
  `resort_date` date NOT NULL,
  `result` char(255) NOT NULL,
  `posada` varchar(100) NOT NULL
) ENGINE=InnoDB DEFAULT CHARSET=utf8;

--
-- Дамп данных таблицы `past_resort`
--

INSERT INTO `past_resort` (`id`, `id_jobseekers`, `organization`, `resort_date`, `result`, `posada`) VALUES
(1, 1, 'fdgdfg', '2016-07-21', 'dfgdfg', 'dfgdfg'),
(2, 1, 'dsfsd', '2016-07-19', 'fsdf', 'sdfsd'),
(3, 1, 'sfdf', '2016-07-20', 'fsdf', 'dsfdsf'),
(4, 1, 'xvbvcxb', '2016-07-06', 'bvcxb', 'cvbxvc'),
(5, 11, 'Центр зайнятості', '2016-06-01', 'проходження співбесіди', 'не надано'),
(6, 10, 'павпвап', '2016-08-10', 'вапвап', 'впва'),
(7, 10, 'ямсчс', '2016-08-18', 'ясмячсм', 'ясмс');

-- --------------------------------------------------------

--
-- Структура таблицы `region`
--

CREATE TABLE `region` (
  `id` int(10) UNSIGNED NOT NULL,
  `region` varchar(40) NOT NULL
) ENGINE=InnoDB DEFAULT CHARSET=utf8;

--
-- Дамп данных таблицы `region`
--

INSERT INTO `region` (`id`, `region`) VALUES
(1, 'АР Крим'),
(2, 'Вінницька область'),
(3, 'Волинська область'),
(4, 'Дніпропетровська область'),
(5, 'Донецька область'),
(6, 'Житомирська область'),
(7, 'Закарпатська область'),
(8, 'Запорізька область'),
(9, 'Івано-Франківська область'),
(10, 'Київська область'),
(11, 'Кіровоградська область'),
(12, 'Луганська область'),
(13, 'Львівська область'),
(14, 'Миколаївська область'),
(15, 'Одеська область'),
(16, 'Полтавська область'),
(17, 'Рівненська область'),
(18, 'Сумська область'),
(19, 'Тернопільська область'),
(20, 'Харківська область'),
(21, 'Херсонська область'),
(22, 'Хмельницька область'),
(23, 'Черкаська область'),
(24, 'Чернівецька область'),
(25, 'Чернігівська область'),
(26, 'Україна');

-- --------------------------------------------------------

--
-- Структура таблицы `vud_inval`
--

CREATE TABLE `vud_inval` (
  `id` int(10) UNSIGNED NOT NULL,
  `vud` text NOT NULL
) ENGINE=InnoDB DEFAULT CHARSET=utf8;

--
-- Дамп данных таблицы `vud_inval`
--

INSERT INTO `vud_inval` (`id`, `vud`) VALUES
(1, 'Без інвалідності');

-- --------------------------------------------------------

--
-- Структура таблицы `wuser`
--

CREATE TABLE `wuser` (
  `id` int(10) UNSIGNED NOT NULL,
  `surname` varchar(40) NOT NULL,
  `username` varchar(40) NOT NULL,
  `father` varchar(40) NOT NULL,
  `id_region` int(10) UNSIGNED NOT NULL,
  `startwork` date NOT NULL,
  `contact` text NOT NULL,
  `foto` longblob,
  `status` int(11) NOT NULL,
  `email` varchar(50) NOT NULL,
  `password` varchar(32) NOT NULL
) ENGINE=InnoDB DEFAULT CHARSET=utf8;

--
-- Дамп данных таблицы `wuser`
--

INSERT INTO `wuser` (`id`, `surname`, `username`, `father`, `id_region`, `startwork`, `contact`, `foto`, `status`, `email`, `password`) VALUES
(1, 'Гречка', 'sdfdsf', 'sdfsdf', 12, '2016-08-11', 'пропоп', 0x6e756c6c, 1, 'xge@dgf.hfg', 'mnbmbnm'),
(2, 'hvmm', 'mbnmbn', 'bnmbnm', 14, '2016-07-13', 'bnmbnm', NULL, 0, 'xzfv@fg.wae', 'vbnvbn'),
(3, 'hvmmxczxc', 'mbnmbnxzcx', 'bnmbnmzxczx', 16, '2016-07-13', 'bnmbnmczx', NULL, 0, 'xzfv@fg.wae', 'xzczxc'),
(4, 'hggh', 'ghmjgh', 'jkgjhvf', 17, '2016-07-06', 'fhfhg', NULL, 0, 'xzfv@fg.wae', 'fghgfh'),
(6, 'bvnbv', 'bnbvn', 'bnvbn', 14, '2016-07-06', 'vnvbn', NULL, 0, 'xzfv@fg.wae', ',,,./'),
(7, 'gjhkghjk', 'hgjkghjk', 'jkghjk', 11, '2016-07-12', 'gkjghjk', NULL, 0, 'xzfv@fg.wae', 'etyute'),
(8, 'cvbc', 'cvbcv', 'cvbcv', 3, '2016-07-28', 'cvbcv', NULL, 0, 'xzfv@fg.wae', 'dfgd'),
(9, 'fgjfgj', 'fghjgh', 'fhgfh', 2, '2016-07-21', 'fghgf', NULL, 0, 'xzfv@fg.wae', 'fghf'),
(10, 'zxcxzc', 'zxcxzc', 'zxczxc', 13, '2016-07-16', 'asfasdas', NULL, 2, 'xzfv@fg.wae', '1d43a95f76d1da7b3c39597ecf00121e');
INSERT INTO `wuser` (`id`, `surname`, `username`, `father`, `id_region`, `startwork`, `contact`, `foto`, `status`, `email`, `password`) VALUES
(12, 'Грищук', 'Федір', 'Іванович', 10, '2016-07-06', 'admin', 0xffd8ffe000104a46494600010100000100010000fffe003b43524541544f523a2067642d6a7065672076312e3020287573696e6720494a47204a50454720763632292c207175616c697479203d2039300affdb0043000302020302020303030304030304050805050404050a070706080c0a0c0c0b0a0b0b0d0e12100d0e110e0b0b1016101113141515150c0f171816141812141514ffdb00430103040405040509050509140d0b0d1414141414141414141414141414141414141414141414141414141414141414141414141414141414141414141414141414ffc0001108025c019c03012200021101031101ffc4001f0000010501010101010100000000000000000102030405060708090a0bffc400b5100002010303020403050504040000017d01020300041105122131410613516107227114328191a1082342b1c11552d1f02433627282090a161718191a25262728292a3435363738393a434445464748494a535455565758595a636465666768696a737475767778797a838485868788898a92939495969798999aa2a3a4a5a6a7a8a9aab2b3b4b5b6b7b8b9bac2c3c4c5c6c7c8c9cad2d3d4d5d6d7d8d9dae1e2e3e4e5e6e7e8e9eaf1f2f3f4f5f6f7f8f9faffc4001f0100030101010101010101010000000000000102030405060708090a0bffc400b51100020102040403040705040400010277000102031104052131061241510761711322328108144291a1b1c109233352f0156272d10a162434e125f11718191a262728292a35363738393a434445464748494a535455565758595a636465666768696a737475767778797a82838485868788898a92939495969798999aa2a3a4a5a6a7a8a9aab2b3b4b5b6b7b8b9bac2c3c4c5c6c7c8c9cad2d3d4d5d6d7d8d9dae2e3e4e5e6e7e8e9eaf2f3f4f5f6f7f8f9faffda000c03010002110311003f00f95a57d84119c671b72463f0a63312e18c8703f873f9d010ed3b7839e38c539a3efcff00f5a801626c7e07ef7b50a80f00e47dedcbfe34e5cedc6769eb4e50153870777386a0081a21809c6ccfdd6a899f6bfb8f7fcaac327cbd4f5c707903fc2a1943ba70700fb707e94011b7ce48e47fb5e9c5221e30df2024fd28f2cf27d0fa65734f0a59794cf1f76800e5d8152723dbbd2e36743b063eed311319191c0e59bb53b68528380c7a73400bb0b753efc7152a3e704e48151eef9f2400c7e5a7228f99148c7b9a007a901b03ee631cd2a9dc07727aaad3327a6703b7ae2a445e4e50679c1cf340127ddcfbff007b9a91309f3e39c7b1a8c10c40071d78e2a4446dbf2fe2d40126f08dfe02a40772e327eb5120df9271c1f5fe552e380074fad00006dfa7f76a45e53a1cff0076919118e32093d28dbb71d49e85568014b74ed8fef51c2f6cfaad26dce718e3fbd4051f5c7f76800dc0b641e3a5271c1c75a555dbf4a76372a8c0cd003766140ddc939a76ddcc33f8527146ddbd3d280066ce3193cfdea3d00a56c904138fc291fee10dda801395057eb86a8e44dc38ee3eefad29fba7193fed66a37f987271cf27de801255ddc020807d2a37f9739cfe3c669cec113ee63eb5111ea30e3d28011f0cdd318ea334d0c1f0e0e13fdaed4393c7008c7f0f14dddbb23b7f7b3400ef95f69ec31f769c3233c9e467e63daab9746623be318c5399c2643823f1a007ef38c1ebd3e94c6c86e739ed48e4f073efd291df73f0c4902801ae49555ddf3fa30e9f8d3bfd6ca7b76dabc114d525303cb042ff007bbd0181c8079c74a007b7c98382403ffeaa606c1dedb8e4fdde714e562cbce091fc39a118371c902801ac3e6c0c6c19e314d185639e33dfad3792e376fc1f7a7a9d8d91d40e3e5e9400c6e5b21312636fcbce79a31f38200cf4a99b2ddb24f3d38fff0055349cafcc382782c7ad0046cd23a01cc59e41feb8a106d6de739276eea90e54ec41bf1f9d0a42609e83a9c500215f940238e723d4d3d25e8193a714aca18807073db3fad1b07e248e17bd00209b6e09cfa63271f4a92125d339d9cf4c543f7172cfd78cb0edeb8a99640e3387a006b622c003d73d8d39179e391d4e7bfe54ab94078cf3ebde95f1c9209c1e68018c0852553031ced3d6950953827781d33fce976f5c87c9e78151cb18e30a49ebf9d004e40fbe79627f8b8c53367dccf23af3fd6a0497a60639fe2e73523332e06cde477e94003f3fc18f52dc7d2a345e368c0423a6ee953ed1b0e0f07f8bd6a329e574c1cfaf4a00893f74718193c7ca3ad0a9b938ca0e838ce29554961ce3078e69e38238e4f7cd0018c2fcc70475634edc17a83f877a40e73dff002a3238ca83fa014000fbb93d7bd49f3b0fc7f8b8a4898372a33e854e69c372e3a7a74e940132b06c85e1f1f789a369df9273ea6a34ce4e09207cbb6a54c79795ee7d2801e136b01edebd2a4453efcf278cd3132bf74707daa53c66800de53a7271f9d3bd33da9bb032e08c8ff669fb76efc7fdf38a0066d04673f4a76ff9b0a01f65142beec8ebfce8fbcdd2801d90f827a7f7b34d0fdfa529cb64fa52abed239fc568013956dc4f7a370fb83a1f4f5a4dc3b734bb4baf048ff785002e72d86fe746ec679351963f788c7fb469ccb9c91cff00b3400d7ca44c33bce7956a8cb0dd82727269c58edea14fd6a1391ebd38e79a004767914e4727af34c9328ddb029cd851cf2ddbde99cb3118fd68018c576f3ce4546fb77633d3bd3a56f5c9fd3f0a63be70cc474a003ca0b9d99c1f6fce91f66e232fcf5f6a0301d300fd3143bedcfcdcff00b3400bcf51814173b72083fe7a540edb58eefcfad0cc539ed8e3da802429f28e7e5ee3ae69a8b86e873dbda9bb8000ef273d540a709773e46463f8707a50046ff39419f9076c548cd900f4c8e55b8fe5fca951c6d618de30303fc2977e5b9ec7903d68006f90839f4e07f9e68d9b9df7631dbd691dc239e075cf0338e3ad20f91c6e3ce3f3a0076f0878259bf4a11cb247e6031f3ed914d4472ff29271c1282a47ff005649078ea31c50035d81654c0e393ee3e94e64c752323a11da95fe53918f6ef9a4563bc1519e718c631eb400cfe1c039cfb7eb9a902ee1f73a0e71d698f165010e43e413ce7f3a7284dae5dba0e8b400a30ca71d4738f5a9d202ea0ed1f95377e55828ec3ef7a7a546d29cfca463f0a00717dce3a1279ebdbd052ac602f098e3ef1e714acc84e6370063d69ce7d509c8e368efef400983f21c657b67d2938e73c9cff09c66867f9436d3c9e39e69e7ef6493fef500472dba9e634c7fb2c69f0cab8209e4608c52eddadbc1edd7349b42b87c75feb400e618f938007f0ad46a372f19191f77b54ec01440a99078f98d214089ce7a73da802b88be6fefe0f3ef4e106d070c720d49b198923a8ef4edc5f3d7d862802bcb16d6c904e4ff00152f9617a6f6edf2f27ffaf493df476f109247089f30dd93c6c04b8fc81eb5ce5cf8aa1df1cb16258a42e230d941c123639f438c03d5091ed900e8cecfb3ef5c18c8dfbf3c15f5fa52af0e08f97d17d2b82ff84ca75bd489e48a312e56399c7092e7877f427237fa87738e4d4b15d5e34a2d1afbc8310c885864c7dbcb03d8e3af6771d0500772832f93918eb8ab0b94fbbc8eff004ae363b9b896052a23370f948769fddbb11c27a8490607e31b758deb5b4dd7bedb1dbceae5e39c239f33e43c8243fd7092211d37c07fbf401d030dd8039069ca07deeaddea9daea56f3cd1c41ff7b2a921739e4751ef575107507f4e940122a761c1fad2374e3b52ab819c018cf7a37a32ae41cd001b7be33c77a0fdeefe946f2dd568fc36e6800523a007fba68e9ec71d68dc17b727f0a0ae18f4c1fd6800561cd2bf1ce3f4a4fbd8e00c54692bbe77466121c81c8391ebc74a007b37b7fdf3da99ce4919c7e54fdc42f3db1f7a992b63e72a3183f850047295c601041e6a3762a38041271f8d49d3a676f6c546582e49e323bd00319f19dcb9c0e29bb075c67d3de9d81b49e9cf6a8df2df386cf3c50046ec339c71e951988e78c7fbd4f6deaed838e7238e9595e20d6e0d2aca7679515f6f4539382719005005e9678a142f249848c64bb741549f5a812531ef1c3104efe38c67afb9c7d78ae2bc43aedea13113b67506431bb7092633b0fd011f53beb060792748df3e7927fd51ce1d0038047a75e0f723d4d007a836bd6666f2fed116f48cc8ccd27023eefee3b67b9200ce69f0eaf033141210002e5b8c0c6739fc8fe55e5f107b1b8722edd219533bd47ef3e438073dce72401fec1fa3e4bd9618c16da06d8e46dcd8e001841fec67bf7c03401eacf2a3ba3843c8e15873cf6a903a6d3b8fd1715e751f8c27b3904493fda4ee2b34b8ce5f3e9e9fd38ec73d3695e2383519628150bc8e09c20c920771e883a67bd006f2e305cb919e334c64088417e48fbed4e1b0a2b839ee1c1ebfe714bf2363073d303fc05002afdd2463fe03d69c632c402793cf534c60782b19ebfd69e586cc92533fddff003ed400b0e570484c60f7fd69ec46e209e3a9c9ef4ce5704f03a37f853d081805383d3b8fa50008991bc0ce4e4ee1d4fa52ba928f801b9e78ee3b66919faf2471c510828a57077e38c50046610c79f9c0fbb93d2a541f3609dfc6d3cfe948e87ef30c3f27a5083ae463f98a000bba23e4939180beb4bbcf6ce2950a228e980723151c82f1c8309b5f2f1c6fdf9a00b1c16cf383d0b7ad041e36faf6e290e1cf50ed8c6e24fa501f1bf77049edc5003f663ea783f5a5d83201ea3f1a50fb1b0471c5089b9c860779e4d003fe4d9d8103f8850c80677f71f7b1d6a2650ca71cbf419e952c2a5978ec3a376a006e7612060003ef1e78a97cb0b9c127d5b34c29bb3bf19ce477e29d11f9b660e4606da0042a55beb54f52bb8ec212ee42f05177a9719c7702b4371de769cb81c37607fcf6af36f11ebde4c305a47fbd8a5c88581e0a1276019fe38dc3a7ba3a66801f73aa979a32f1cc968f3c41ad9f2d271944d87be50900f7d9b0f20679786f64d36ddd23407cc50f1a67085ba17c76cf208e3a91e951dcb25a4292c284c2481e5e73e5b800900fa39191dc7d41aa1346248fcc80ef96e03e2320179233cf23d410323be7228012fafe496612446432c4411263e5700e10e3b9e4839fa76a8d35a3733dccf751b99dc2ba48839057a8c7a14ce3d0a0f7ace8672ae1e16f2d09c8dfcfb1073d73d0fe14e9a201c156211db0a5b1d7f809faf20d006c7f6f48433f9fe422c85814ca8c9cf20764de338fe02e715b9a678c6e12490811cb3b4de7857f900933bdc11d324a7d0ef7e99ae3a39ade6b66b709b5e39378c2f58c8f9d0f3db008fa1ab10bbbaf98edb83158cc8470d8e8c73f500838cf1401d968fa8ee96082de529f6493c9883aec711bc98191f8c631d460e38af48f0eea6352d32df7ba994283b533ea41fd4578b3c9750b25f5b3c91c9f67fdf20c825e229903db8423ff00d55d7f86fc49e5cf72623843199a308dc11e607c018f491c7ad007a82e037f7e95b2795f5e6a1b6bc82f111e220e6349319e403cf3f9e2a5d8148e87b1da68014827e4c13cf1b68cfaff00bd428e78fce95d772ec3c8eb400060ca0f23d1a919b6f1d7268d8548ce73d8d1c7a91f5a0007ccc091c73f77d68e3fbd83e949b8edc018cff0e68ea9bf3d7a35001f28a6336df9f9007f0f4cd3f84d87efe3a6d14c642dc63028018f93d473d9aa3939e178e054d8d993d063a76a865708402923e70328bd39ef4010c8824520c8c9c758c8047b519e79ff0077d2a560369c66abcd322101c601ce768fa5006578835292d65b6b7b523ed17018af19c72101c77e5c7e46bcdf52d623d56690abef12cff7d9b3f220c21e3b601ffbf94cd47c4bfdb1aa995de48e200f9a5411f2fce760ee3ef81f4ac68eecd98f39544401dd1061d7040040f40474fafb50059bf9fce79c0dd18c1ea7a28031f8fa93ddea99bc9846f8c9e33ca9c383c1e71c0e3f2cd567203659f2420c311f7ce73c71df83f8d2b4fe4a621670f21c658723d2802fde4a254f2db63f969e594418c281c8e7bff8014b149235cb4689fbf9b90b2303e59e9927d813f424fa0aa02e7f8d9fcc48ceee07e44e3dfaf3d6a48af87988ee5e320796431c9031c9fae09e7de802dc29f6999e38776d590430c6cc0741c9f7cf24e2b45808eda3b789c969583360fef27c0c0fa22761ec49f6c1b47f936008ee46186debe8071d08c56a5ade4b0091c967933c129918523271f51c0e9c679c500765a0ebd26950082edf7e0811ed3bf7e7a11e8307fc335d320e761cb9ddc6ee82bcd63b810cb218d0979079826663bc9239209e848fe33d07207231d8687abc976f15b0c3fcbbe591b3f50067dbb7618cf26803a204b264920ff77914203bd1ca891d3a1a55fb80025c0f6e94d0923bba13c9e46eea680151ff007a5179283e6dfc004d2f9c143776e80d3f6908030ce725bd2953f836a0231e9fe79a00377c8fd46467774a3783f3b12107cbd334b85e840da3a734fdc25c004143ed8e2801ece7853d303eef6fcea338450fbc94eb9a9373b8c1e9cfcbedef4e580caa71fef1e280230bb9ce09eff7b81f9557b941e60dc761da38df56f63e78c04cf2ad4aa580dac85c8e33400d563bba8191cf1fd29ae9f39272d834202cc1c7decf1b450763fccdc0fee8a007ee456c0ce73fc269ed36383df905684e9c73cfdd6142afcf939f4e9ef400ec79bd41e703e6a7a602f51e83771cd464004edce2a4fbc99e49ce7ad00233fef5013924e01ef9c539dc6012e1081f4a1b3c81c740769c71445968fe64d8c464ae73f850053d4aff00ec1119b21115944aefd23047c84ffb04f07d335e5bab5e4914fa8d873e446c4470cadf7391d3df84e7d87635db78d4ed51280fe6470b828bc89233f7e323bf1923dd1d3ae2bcdb5774ba8e447dcf711c6a8588dfe64600f2e4cfd3087d460d00679bb92e6c5e093f76e6401b767a03c3fe04e3f1f6a8da192188e533244c0c6dd0c5d8a67d377e5c11c1a23bc62ad33480c4ca165dc87907a6ff00d467bf350de4e0b3a14c4e30926f5fb98e108f504707d783400c79ff0072e047990e0edf471ff2d33dbdc7f85549e5320568d06d0a77aa9f9464f3f81fd2a4896279914911ee00664e919ed9f4e98fc69ad097b9990a2c27ba03c0f51f43dbf0a00745721e680e4aedc90ee40e4ff907f3f5a56b9f262781a22e9c120019073c73dfb8a8a111a14914e08f994fbfa7e99fc314f631a49bd7614c7553d327a7af1cfe9401ad617b1a4d13dca6632732ac4738cfc8e3af71c8f70056b69571c25c2bfef619da1b891804df1b8201fd0f1d7ad73104a2e2108e31b546304f27d7d01c003f0ae87c3563fda379776734a8824805c0dfc893ca1bf67d4a038e9c81eb401e9de09be79ee6e524705c5ba98d547501f04fe83f3aeb7695ce6bcd34b7b8f0f6b62498cb245e59821b84236caa2e0210e47a8438fc39af43b0bb6bbb08277c03244243b7a0c8cff2a009f9e00e9fdda5e5b007a735a76de1ebdb94b278ada79c5db4a91ac70927e5c0fa7520576571f05bc47a0eb36d16afa77fa2348a93cd14c0c712491b98e7de33fbbde08ce3874d8fcb8c8079d3b7decf181cf34f903c2ef1ca1a39171957182335f5068dfb34e85a3bdb5b6a97ad71a85f4cb3daba8188c44fb0a64121e3924c038f9d36498e05765a97ecd1a3f8c67b1bcb0d32e67bdd427963960f3408e42967145be32f9c7996e0b84720799e511820d2b81f17436ef34d227dc31c724d217380891a177cfe5fad46cc06093935f6dcdfb3db59786756d4e3b2b1d6f55bab5bbbe9279a21be5d919f900038064c83176230723aeae95fb17787b4bb0bbd3ee6792fee67ba8611306013ecd3471f3871d4186439ce7e77f4192e07c1d80581e9dfde9a41e46ff5afb5ff00e18dedf52d2f9bdb23717e7cfbcbd5e087965fdeec8c723cb8e311a0e37996e1f21f18f3797f635f13fdb2f2cbec1279f6f35b245710dd2482e2d779371784100c60a140880121c1401ce5c1703e6b61f371c0ed4cc6ed993935e87e24f817e33f0b5b5e3dee96d3bd8c50497696a449e579c4a0cf39c238d8fe873d8135c3adacb1908f13a49e5473e31ff2ce408637fa11221fc698158e78e47bd723e3ad5869b6720c3e767ca5793e63038fcb1fad76170e9039494a4655990ef38c94273f962bc7fe2bde197544b0471990190953dc1200fd3a5007196a0dd43102ff00bcc08c176c2818ce49fcf9a5b898fee906cf2923d81f1807a9e73fcbb76ab70de2c30cf13ec2e184677c84e14214c923b023b7b75155ae32f71c904a29fbe791efedc9e9ef400de51378270983f29c7cc4e074f6aa6f104f33e73be39392a3a1cf41f4feb575a2306cb85711beff00dda11c13923b839c77cfad579708af217c123647c82403d39fa7f5a0005ce1232dc48501e9fc87b00283b44728217904609c608ea3d71d28467f34e01df1f0a0f233ea7f0aacd198525008271866cf5fd6802eb5c7ee5c4884a49b5cb8f7cff91f4353d85d84490845370c3cb180075c67fc07a64d67c9978d8be4dc1cc922a01803d4f6a6a5c4fb04671b849d700638a00eaecee43adc20749e2127ef2307fd61c718fa9ffd9cf15aba0dc9b4bc725c6412f24aa739e4127f41f5e2b95b798c51204e39186dbebdbf01fd2b7b47946c77c11e560b3f400f4edcf7c718249c0eb401ead0c865892409b010080dc7e74ae1dd325792386358fe0f121b4792406312636ab2fdf038cfa01d4003be7deb7513e7017fd58e9c500204cb63008247cb8feb44b6c64dc85d91fef6e1df06a40a368dbc2673f31e69e4057e0ed0727e63fa50042b0854038dbea69c9f7c809b5c8c734e6030a149cffbdd0d232bf60703f897d3fad003db018e7a91f77a5087667a803d2a531138ea5cf1d69393bceec1242fb0a0066e4d99001da39dc3348d1e426d963c6d1dea4de39401cffb5eb51b5bb4c77acc880f6f2fff00ad401084dafd09a72e0ec391f4a919cbf3c8ef8229bb02b82308d8e0d0034174c81d3f9d4ab9db8639cff74feb48c9bb18fae5ba8a7ba96c9c8cfd3a50022a6ee3af4cb76a907c8a7233f4a37238ed814db76491dd2339d8db18f60fe94012fb8420fdda40e154962001c92c7181de8dbbc81b7903a52940eafb81473e9dbe9401c278cee64b8c4ab160c727961d07ef124473c13ee363a7a871e833c16aae2fe3b728e81106c0d18cbc7bce48ff0073a91ec5c7a576be2df374ebb256486208be4b6f1f205ce63e3ba7ce403fc1d3b0ae0efde4ba98c4a0a5dab112427825c72403ebfcc8c8ebc004170ad6723ef58808fe47899b288c47047ac6e39fd6a86a56de485237aecc068dc0dcbcf1c67db9f7f6c55a49125b58012a8e54f952ae3d79471d8679c76ce7a1acf93cfbb4db2664982703be3b7d7dbbf6a009c5cfda5217d87cdb7e1a407efaff00013ee3d7bf1e948ea18f96fd6243856fbc003d3f0ce40f4aa90e594b821cc7c90c33bc753fe3f4ab12c81e28a76dd8638ce73b319c75f4f4f4fd002399a44642098b07fd6274cf5e3f43515b0795fee1cfdff9873f5a9e28649253b83b408361c3703d81fcf1f855db6d34fda63f32012c0aca0bb49e5891783d7b023a1ffebd003ecade61751c0d886e0b342dc1fbc5860607539fe75bde1e4586f2c8c76ecce375bcde5fdf058703a75cf989f8fd2ad784bc21aa6b174b05a585c4f25dc90c113f93c07797644e0ffcf4f317cbd9d0924646457b0f867e13d96b05efe1b59925beb4b7be5d2228c42630b71e54823739c80e91a11f7f7c8417f90ef4d80baf7c2bbbd7b47b29edace4b83fd9fe5abc3e61b67f2d2349ee8c8388f26d65720ff07cfd8d7d5be16fd9cb599e2f03eadade94f682cf528e3d46d6c2201eda29a112c6f93c3847cc9d08578f67ce920d963e1df81a5b5f0f7879ec6eceb7ac58acaf042640d6ae658c44f6ae40c186e63d8e8990e05dc9b0bbc787f76b5f19c9aaf87ac343d264b8fecfb4b3b69f4cbcb405cde431911459ce3e703aa647ef6de489ff00d626f9031748fd945e2f08d9d96af650c1aad9cb746e0893cd5b9b5bb8a249846067a4d6e92e08ea3838af48b3f8296ff66b4d1ee6dedef6cedad67b49da46249b594fef20083fd5e7e49011f7248c91812f0f87c67abddd8594938865beb5bd9248668b31092189048109e7947cc641fbe017c6722ba9b2b9b9bbd35ded9a431a2dd7ee998ef78d2443e5bf3d47cf1ffb8e9cfa006569de01d3a2b3bdd2d9ed92dd63df6f2ac46e31219a591c7cfd39963c7d073d2ba14482c7ec16d65691c04cab1471db021d243300e783d0601cf38fa567492deda5fdcc504a2792ea1b68e359632e9ba44f2817d98380e91939fef9e6b451cc975672c9e61115c4afd392be6a703d0e5f1ef8a00b172f1d843f66b5b4b58fc92232f6dd70d21924f9071ce41cf72e73561d6df6c7247059c6416485189224dc108d98e4038239f43556448ef34a8ee467cb925fb3cf21e09c4a634c63e89c743bf3c568a69d6504fb2d3cc3279e1e19b689141c4b8ce401c7e3d52802adac365acdcc82f2285de67920660f8323803cc4ce3dc9fc3dce6abe952bdc99638c4224bc62b1be5232233b23239399304fb671d0559bd79bceb7821847d99ae95d9fccf98432006439ea064f5ebfa0acbbb8ee45abcf2de3c12898a794f2e42030e413dfa8c607afad00737aaf80b48bdb6bb722dbcabc328b937308945c4516728077c6fc9ce087036104935e55acfc27d2a3d324bbbad36d4583b457175042b98e20be407488b8cb88a2b78e34727efcbf20f9133ee3717d3c179e5a8fdf79536d4521cf1280e99e33ca3807ae23a6ea97f39b94797cbbb8a0b5120046c864047eec2138c8e33ea324f71401f9cff1afe00df787e2f10ea32dbc9e1f82c34dbb0104a248e469668d07ef493825249d0647cff6677c64903e58f8c5f0eeef45f13c7e7c06582c6016335ea4a123964fb44f12499eb9fddfcfc7df07a022bf6722d06c3c4f0847b38f52b4901bdba884024f35cf992492ec3c11208d1123ebb00e46735f207ed03fb289f8a7e21f0a6ad696f2585ae9fb34392d628bf78ec248c08e247ea208d1d1f273cefc919a7703f3ba0d31e6b6850c138e4cc254384d9204e366383d79f7f6aaa966b74a1818c46f94627aca77f207b8f7c718ec457d4b71fb2ec97fa30d7f4dd44dce97636f04da8dcc836471c465b988ce25181c2451b889373c85fee6c22bcfbc73e053e13f0c5a4e6632c82ea486016d22e244e402e0120398e240110901379cb92849703c46589fce779823c60289522e001c71f8e3b7a9354ee90ceffbb6ff005603ede84f3f700f627fad76d79a2ea162f1584e645b9941926b79b848140390778e81704ff73cc2bd7359a9a109a1468c4503f9811a2983fc808fbefc740073e9803049a77039d99bc9525413862851f390de87b1effa536e98472610be40d8c5093cff0019e9f80ab0f147e6a3c42492200edf970e49eb9e3ae31ebd6abc6a9e7bfc8491c8f2fb7193fe19a6041790bbbec6e08e00fc4e7f514d20bf44191d1d8fb77f7ef4b32196648d49db93f3aff18ed8fd7f5a55876e0871b3bbac9c67ae7ffd74017126291308c0257e558c1e71ebcfa9eded5b9a1963e516b739127fab63fbb1e8ee3db93cf19fd79d95bf78c555a14541e60c7fabe3a7be7dfb9adad11d1e7744050397f9fef941f5ee7fafe6003d23c297d2ce99393e69c467a799b78000fe0007e0067a9381d76df43807d38ae23c257d23dcba4485e42d1a7ee97811a0fb83d87f3239f5eed9029ea401ef4010ac3e6647040fef7ad22aef619ca2039dd8a9510871c9f93a9f5cd3994941838c50043b42f5c10c71f35486109f3938cf5fad3de32c114704f1b734e740ec00e99e72280191a6d4c64f3cfca29ae9b7956c123f3a9953e6e9d7fcf5a558871cf53f7bae68022742ca18391df7018a5d83f89866a4488ab73f8350628f8dc39c5005795777ce31cfa0a66ec28e38edc548adf2e483c7f10a88bed7239c8e3ea280176e7d7767f1a7b2e724f273fc46953e5e4e78fef7f3a026ec839c8f9be6a004fbea49e3d173c54b828bee38069aa06fc28c63fbbdea445cb139dbe9400d4e460e41229597e5ea71427cc48e47ad4ac4ede81b939f7a00f39f1b43f6cf30a47bc0c191091c3f00ff00e3e07b720d701736d717248b783f791fc8739f9d78f90e4f18e00f4e0673835ebde30f0ffdbed25bbb7426ee38ce55149322e304607538278ee3d0806bcbae55d666fde2ca0a0c4d8df1c8a4fdf3fcb3f5ce0d006248e751727783784ec3e60237e0700faf6e4f23bd664fbe2c1883851d327e743dc7f5fd6b6a611c921c8f29c91c86f9c7a83ede87afa83d6a95fa4650fdc32be06718128f71fc07a74e2802bbcb24931b8c10cc77bf00007fbfe9d719ff00ebd317cc86e498fe457e7630ff003f953a1b6787f7a73e521257a1e71d3deafd8c325ddc468e1845e5b6d6990c98f4e9c819239ed9cd003eca53a70681e78e38a75647e7cc41191fc4073e841ed8047435d3695e0fbcd78db5944e9124a0009b890580c8298277be327ca193fdccef156bc25e0bbcd4e1babc5b6678ed2169e7bab302492d947c8e6443c488242338e793f51ecfe08d165874858359d065d7741c4d762ff4321de0dbcfdc0063bb8c02461d80ff008f88e8033b41f8617e21d12dace486f6c2e55c420cb882f163093c8fe67544cc4470300ec93e4ce2be83f02fc39835bd5ae67b417372fa7cd7f7b2c9341e54d2db4a9e5dfc0e7210cc8861b811838334724b19c4801d182d34fb3d0b4cd3ad2ca69dc11612ff006444971796c4a178ef522e0ca701d1c001e41141246e2e2028776f2ee2f86f745ad52c748b290da406e6c2e4c763711dcdb18ed2f90a6550ca1e4884b8401ce7831bc52401d4f85eff00fd26f75b8a3d374ad5355b09996f3fd55b4b342504b14f19c8441756d249c8cc6f276435ed3a34569ad5bdcc7751c96be779ce6cb788fcb7ba047944e48c4a232164438f3909ce7cbcf845dfdb755d7a54d585b5ebeaf7b6d3efb78c46f7177e48324a36266298a0ba050f21edf67ef04808fa4bc1fe149bc15e1b29733db9d734c93ecf3988ef6b31726328047d1e3e11ff00b998dd860e7001634db3bfbcf14beb17105b2585cdba4133c939f3aecfc9e4cc548da32924b1b938e5133c115d0dbbdc5e594713cf1cb242ccf04b0c440fb579b87e79f908c647390ee3e8b6d78228bfb41dfca92ea23204f2c1d92b028f18c76ca1038c723af5a9b4967d3a78ce545bc5381e72370806503fbfc9b01f5f2b23ae6a40964937dec53c7e6bcab8dc25f458c49918c6338407dd07157332db436c86789ee61d501f3401b0b38df81f504e3ddd3bd53babb096f671b47302f0c80cbb499325093d7a9fbfc0cf54a83fd2d2348e3cdc468b14d0fd9cfdf758c797b3393d38c9c76a0b2cc53597fa3c710f2e3b2129dafbf6c82328f9c0e77e24e87dc53bed02cee677b69229ec82bb92588f2c02e09c7a0fb9eb8079e2aed86942f16440b235b99a5f35d32242d8391807201211c1073568f87d2e21c64f9444b194da41432c9fbdfc7a8e381dbad510655d4f77731d90b6b758259228c33a6008802321cf43828e39a64b7366bbdcbf973cad249ba19798a2118246ff005d8491eefc56d49a6c22e52cedbca98885dd9d24c6c68e34d81c8e7049cfbf5ef593abda236ad25bc51cb2cb1c533cf26ef2c67626f7fa9dfd38c03ef41641791bc72cf6f777314a258cddeec812465c6c033db1bc91c67b649ebcfdf591bcb9bdb986f2579e433bc0254036099d12444c0ebe5a089073808e4e6b4ae5cd95d493fd9e55b8170914f6bb3cc5dc10633ea327b742e698fa725e47687647e44b3bc6b2998e4e700803b0e643ed9c03f3d48187616725a787ee77dc6e8ee09999d0e1e346c040300e30838cf52e00ec6b2f58f1222dead8b58dabdfdcdd318ed4324a2d6d12306e0990f31c58211e4e378240c974aeca6637b0a58ab7d8eef7c72a2c2bb3cb56283714ce06c0d1c783d7a573dac68fa5ddea10192ca1c88a57977c9e5b98e190b9f340ea10847e7009283384008065ea565a03e8c6d353274bd32c6e05ece7718d7711888245ea423ba0ec22490e061cf85fc47fd99f4eb8d15ee61b88b4fd1cc06467b60524b6d3cfcff65b7010e3cd7448bccfbe91db93891dc91eab7fe168e198cf752b5c788c40afe75c4cf71e45ddc1cc82318225b9d9f7e42024623880081335ceea3ada695aeba19cea13c714aff3c43c916c00f9c12711c7c18fcc3b010921779026c9003e0bf897f07ce9963a6dedb3471bea22ee4b87b6c94f2c4913c5020e5e30892c64f27993e739201f20bcf0a47a247aba4b12dbbc492f96b2b1f3b0381841f40ee7b20006457e94f8c16c353d4ed24d2aeee6df5cba8926d8a33e42e1cf9c21e0fc81f82e620124c822594ca3e7df8abf055174d7d734382ff4e82d6ddeee692354bab68e08888de58fee2c92a44e88013b0cb2471a199c4f20a20f89354d327d22eded27b49a0b8b51b3ca718937901fe71d41c107a7538ac7b957b58110a3f9c4261964c848f078c8fcebd6fc4df0f25d3ae7488214b990c96326a91b4a4c8ef1b82e5f000c88d133249d1e424265002788d274a496fde04533f9b19480be067033973d063bf61919fb86ac0e685b8572e9feacb100b13e9d29d3c211644287ce07715c10d19f43dbf0e7b7734dbc44826963471220e4b6e243e73f383fa50c91aa090a920938f29ba1c71cfd78fc0d00377c971090233188c93d739ce064d6b68ce88c04cdb5164c7ca0963ea73c01fd3007ad67c516cbc704a38e33b9063238ebd073dfe9d7a5741e1f4d923bca4c6779996e307298fe23d4e325b60e324924fa007a37832cc2411ba110073907abb91e80f6ff006dfdf6220f9cf61c36491d4746edeb5cf7836d634d37cd8930920c0790e5dc1e7e889ec327d4d747b73c1ce7aeec50047b46cfa0f5eb8a1576b7d79f615232f42081ea28da371cf1c500358ecc12320f4e29319638e1b3f769771cf6e9fc5de9c5861b2383400c64c678f98fbfcb4636f200c1edef4a50a75c6052221661400a09da0004718268da9eff00a51bcf0471cfdec52798538deb40103e368233d3955ed4d28171bb9cff009c54aed9e0b60e39f7a606f6cf6ff22800dbb99001d6a54efbf1fca91902a7cc02fd28562abffb2d003933819fc79a1936af5cff00bd4a8ddf241ef9a7fde63973efb68019b7afcd823ad1b7fdce4f18a5c7cb93d49c538657193923af14010ca85e2902e3a7bff4c1eddb9af39f11e9263b89af2de4ccaf211324c8024871919d9f70fb90339ca1e481e96c0a6083c0e4564eafa3a4989634f2a455c0b88642248c75390721e327aa118a00f16d4ad9edae7cb632ee5528b0dc029245edee0e6a9bf9326f0cc47998dc514e79efe591ebfe4d7a36b7a15da2bc725947716f1f1bed0ef41c67262e4c7f81039ae6db4b774f22188ce9c3c2f6e52478c91c8d846efa8fd28039ab197c82ea9b6e1f3823cb0e930ed943839e78c1eb5d2782bc189e2198acb776d69179722416f73712446e6518fdd21d8e892be7847c07c119c919dbd1fc111ddea16f651be1eee5c4a358616289c1e7cd7ca260f470402709839c57b6fc3ef0269579269b65ad4f656d6e9bd244d448fb4dbc71b91b258e28332125d365c0c93cc448e4057020f06f855ef16daf1f5986d24b168b4d6f2648a5ba81fcaf2de2f2808dd0ecde123244934624881df07947d5f45f0f45e1cbfd3f4f9a6c4f3d9471c4f61f21b925c2223c6e04372e7626c953cb7936460a25ca10fb3a77c3cd33c417babc76baac11decb66f6a1cdb99a1d5e1f2879515d46367972270f15c4607083ccfde4677c5e1ef037f6ce8f06bf15b5b47bd9b4b9dae10f91e744e9e64651cf120260971c4bb1ee01121b615205cb8bed09b46d42e66d39edec23b5792facd4bec822fdd624791f32f96762627fbe81d097325bc2efb36f2cb0ccc26b682e627b595207bc900d82e2448e59329c0df79127da2ddc048de73347c2192a6b9b39751b9906976f3596a3a843b19edee8caf7a64203a0320400c8924e887e4fdf4811f87952b63e11fc3ab491f55b7110d234a681e609663cd85d7cdfb38bd83cc03292040248f2407011c0f34b900ed3c2da368f60964fa7e9d35ddddd0334533cbe524f3c448962910f36d709221387184772798c3a27ae596b16d7da06aef13cdaa6a22d24b59d2f84624922d8254b67233bdd0b9d99c6cde549e0bd729a57861374af792dbdc4b3cf221989106ff90f9129e98dfb026fe3908251e6217ad882110eb56daa69303d859dfda186e038d9fbd504c7211fec624e460bc25c0fb98a9b96767a7eb3677f1cd7d1192eac6781dd667c91b46c7d99ea780920efc8ce7a9b1697f2c90e14c685e7598cac708921e03e3a720e08efd477c72fa88811c4037dbbc85fcc43878632b87e3b90329c1ea8fc8c6717118db5bf976f6c4247890c38321272fb32e7a8cef4e4749101c8c9201d42de5b243045792c92448a9e66f908e8feb8c83f7fdf23d4f12b6af6f15dca74d4cc11c2042d081c901f239ec77a0f72508eb8ae583c17e91b5b88ae6d842014707aa1262c0ea7280e3d40eb9ae9341d0a59a4b8005b4463dae9315d80478ed83939f2bdba1fc026c2d9eb77efa65c48824c22b3dba82307cbd926101e3ee36413d4103b55db7bbbdb6be963777636fe5ed4425d0f04971e9f708e4707ea2b4edcda88e5b392d218ed1adcca1233cb8c98f9ef8231f90abf0ddc721c47244f1492bc2ac87661fee107df83542391b9d4af6ce1b9fb3c6b182239f31c9fc0008c9f71909f5a9ac2e245743bc3ddb49bf6ca790a0c836138392ff26febc91d722b7aee0b7bab0984712dd46f01836614a00892100a0e9f3638f5c5605c595c5bda2dc991aca78a157da6104bca4043dfb62223078d99341624fa84771732c6d18b7792454f31dc9262f9c3b8c74cbf967f1cd5769ececa4de6713c53899d67f286f40483c0ee701d073d739ed44da6f950dfc172820168a89717114630501f338f700265c6305c71c572cf797125cdc3fd95ad2da3c86b8b88c8865e537e73f7067c98fa938c8fe0352068dcd9ff00693a08ff007824ba5499380903a02e85c8ea0633c67e7e33c718e2ea0b8b394437077cd1429248f187936464904efcab8277bec190091d4026b2f4eb9b3b8d3753822d22ead2d269d3ed979747cc33e3321cc5d33b0c03cb23083e4230843ef07b9bcd3fed0202b6ecc908b7b991ccd6f1e09c4a73c48729bc0c8400a633c100e72e34af2b5a91ee2da59eede17f3e46904822f313291e32151002094c8f30e493b31bf0af974e79ee746b7bdb6bcbe2de7285811de2971bc0790a6c173f71cbca0a47bd3ca8c715d7bc565a8ddad9d95b4b0c92c8e03e4453c78c79b3042080fc08d24393bddca6762639a4beb8f0ab7d9e03169da25adbc51dc58c311586d819dc18d307cc92472e413d5e5744cc8e1ca007132f83b4ef08ebdf6fbc812c35dba99e48ac34f97335fcb907ed12973e6b80493d88c393264c78e7fc6fa76a1f10ec635b9d52fef647ba8e05921dfe4c920471e5440219259b0e42208e474009296a9907ac9b419249b5179aee18ad34f592eb545fdd99a26321c4790300f088465111c60191c49bdd646f3c45247696b6616d96209716b6c248ddad03e4c725d64cd89093948f0244f932012e280f957e21fc2eb486cb51d10d9a49abcb00985e2dc09618cec2f2932890816f1a2202e6520bc67935f37f8b3c0134104726a56bfd9961108a0bc91722412797bd22311f99ee64401d87dc8b7a0c0eff00a05f11de0f16e9b3dea5b268f6f6d751c7a725ac5e5416e233fbb91e4ff969347f2797676e04692847924223ca795fc69f085b6afe07b6d762b4834fd226c0b5b5b0905d4d698188e474d80812bc86418dc725dcbcb23c7246107c15ae595ccb24918319613fd9caf2e50a038c90391807df20e0605638b09e043706d9e48301c2ca49cf41938c75ededf9d7adf8a3c3369e17b29a7bcb392d0433fd92ce09586f494c65ca3ec2048e014f30a676122325027cfe706d6eaee50f22a34ec4b9f39b11ab6325dfb7a7418c7a0c55819251e71122932020ee2871938c841d7ffaff0091aedbc2da48d45a38a28fed973213215fe0c8e993dfbe47e640ac8d3748372e8f664ea32b61234862dc50f5de40e304f4cf5c723bd7a5f857c306d98a5dc496fb18e6dfcb2e49f5777ee7d07bf4c8a00e934e83c8b2b68d6513ec5199436439f51ed9ab8a0e7040247f78f5a53f2f539ff68d376f4e7d6801771da73ff7cd26ef51c74229b90dc8fc18d0bf30396e9ed4006ef97d00ef4d55dae718ff00eb523619b031cf4c0a5dfb33919c7f77bd0037761b9ca8ecb4f4c6de001fc5d298c777239149b8bb120d003c918e31cf34bb5ff85f8fad47bfe6ef9ee714931f9fe6619c7a5002f1c074e00f4e9488c11b25319f9bff00af4abf3a64e307a7b5281b796ce07f17ad001df70cfaf23a53b6ed94f273d87ff5e8550cc38c63aedef4edb9ee462801037cbc03cd2a018faf3428ec7f2a15b70d9d8d002fde5f53d6957eee7be39a36fa83f9e2976efea38f5cd0026df98e5f8e29df7bae060fa523773ce31dc5017d3239e73400c9228a5605d1095e4338e95b5a0fc1ed5fe2458dc6a361a7c77b6514d1dac979792a2431bc9c0fde10481c8efdfe4de7206643be59e08e23892491523f9b60f30b809cf6e48afbcff67bf0b78b74bb6bdb7d67fb4639557ecb2c377a65b490ba6792f0c4ef14a9d712260919cf9649c8079ffc2dfd993c2bf0bbc07aa788f57816e6f659bfb2c35d411ffc4bee76104412c8e237224c81bd14483298c942fcce9fe115d6fc45269f69706ffc902fa46baf32612073e57984193cd0920051c26525c461c6f48cbfd31e3ab4bcf3f588adcdbc7739318d36e661736d71661fcb03cb7c87848c3f9790232768788e33c2e95e1e8e6b6b2b8d2a53a7dc195a1b8b298ba3c1e51c62295ff791cc84b9c4b904121f7c6fbeb3b9673ba25e786ece1d4a5874ed86dbcabeb8b97b4fb4468a1ca7da001826304389444764d19324612589d2b0acd2fedae6d2eeef4e92e27bab517d70f13090de49f671e7dc452c6079841b78082e0cc980ee7f745ebd7a3f87b6e91c7652bdf35948b34965169d09373a6194fefc4311f99ec641893cb024f2a407e4e86b4ffe10cd3e6b8b975d3e3d3f88afe6b0866370124182247076189f8de93a189f27ef9c14a5703879f41d363d62cefefe1bfbcd0982dab5d08330c96d21024b391237436b2ef48f7678493ca28e13611e916965776da65c5b6f8af2f11a49e2827923df7aaf21f33cbce172f1b8120e039c89423b892b56d2d7ec72bddbdb79b3dbc21a496174b8778fe7086e50203344f199104db3720120718eaeb9bbb6d56da28bec6258ade78245b08cf96638c92824429903efecdf1ef47403390e40a032bc33606ce18f51f305c684cef6ff00be0f80f9012390380c1c3e06f243ecfddc99741255dd36d8e909040b6c6089a573c3126d0990b94007dcd92274c0c6f90003280a4167717ea52fe444d4199040b671022f123f91e5f2f2479823744963e72039194384b16f6c34fb68f16ef2923c8b395ee8c6e50be23064fbe5d3840efc9f2e339c820c80a89fb98c5a4e60732462295c87f2c074087f012807391b3673c0cddf2e386fe3489e69e0459709137fabddc1418e8448318e998f8032315bc3cf6dba388ca24324c120bc7e481f3c78953d4190c6fc750738ca54b04d25e25b22892d12731c7249272e85be740e4f5e0e327a88c1ee28034ecede3d2b56b48d6e64448d52491c288de301cf97c77c12738e8315aebaa87bd8de1884256e38594e1c9673819008e1dcb8ff007c76cd73e8e92de79b247cf9871322a7eebcd25c3e3b80fc63ae0f1d3157aded25b8b301af217d3cc05048ac5cee0ff20ca7df21dc8cf5e9dc5005d8ef1f527b53727ed259a5b63327cb93e6ba65147dcc7989c7233db8a88de5c7f67a4f2c334ef1c32486f318120187e80f2325f9ed91835ad0e8e2d75195eea78a59376c915418f95c7391d0141c9e33841eb57ace5b5694222398a3509e6a4648da4bec009e4005c1c761827b500457f7d2c11cf20d2ca46f26cf3318778cfae3a1ea703d075cd527b9db0881c422de3d9e5dab8270b978dd0641c27faa8f19f5adab8bab2bfb0781e15fb224425f3ddb7e1647071807d47bf18f7ac3d53ca9ec2ecda2f36ecbe6bc6ee9f67823de5df77d62e00e993d7140193e24b9b4d2efad351991a08e3b88a79d63264de10f971469fec095e33b10633827ae6a85e4af61672da627bbf32e85ecb70c4e5c93ff002cc648c1264001e85f8fb828d46dbc9952fb5a488a5b5c7996ea54124451b848f60cf59244381c132007a0aa1aa34fa54a96f25d4579702293ed736d0b19117fac9063f8065c01e981d5f340135f4f716fa98962b84b98de20608e03901bcc3908fe85d2425cf242673c0c62585dbdb5adac10b9bdb9720176e1ee6e77a3bdc8f447731becc67fd5a01ca017758b8834ad320b4b895ee65ccb1c93491b9931fbb479360032ee5de38e303bf0301eb95d2ad1f5573a8ea11c77b730fef8192ef305a3ef21c41b3e52401247f68cf2449e58eb2500753656479b4b792713a4d2c80da0799e545247981d3af27972fd47dfe798346b4b6bcd28dc438827bb313da5c452a3bb90704c4f8d9bc468e3cc8c1118fb8787357b57b08b52d1d52ed24304917930c6f1f971cb29e4c7b328823d91e30484d8888ff26f06ad86ad16bcc6f045703cc81a46b986d65786e0ef08026631e60f904402601049c014015a39ed99adf4fb68a39e2687cf9a18a02f05ba127cbb8c67323901e348ce4c983c8d921ac6f17fdb352b748ed7f79a579fe5ef854460b8cf98e318192728ff003bf438000e7aa9c5bbe8b2dcdc4c96e47cf2dccd3a5bc72bb8027325c67793b060f96830988d00df4d540970ecb19b4bb8c28679a011436dd4882340098a3c6c27392401d78c00785f8ecc52cd1ddeaef62fa1c36e0dc5b5bc4644c82123824323e5d361cba2204c0d841329cbb5fbbd0b57d389bad0cdedbc91c6f7515c445ff77bf3e5bc83880498c3c803c9b3f751202e52bd426d11ec75343696977a7ce07930deda5a88fe419c91249848c0f9f6221790f04a21048e5754b5b8d2244479bece91c6d25d0b95129b75fe0091a3a00ee0e38df82e982e326803c03e277c223e33bf9e4d0e07bc06e3fd22ded6248afae4202e3679b94b6862010c76c80ba0fde144245797eb1f086e2cec67965d1b538adef446f6b611c6f1daea11a0cc6f2e49925e0e77cb204e40f2f802beb8be7d7355d6eea49b4a3632eaaa21b4b7f2bcd71180864448f0038e11ca395121397431a607b2f87fc31a67887c0baa7876ea381fedc4dc6a377632bdc5ccf3b8c01f6918f324e00241d83fd581b00aa20fcadbff0086b1f87e6964bd952579db31c162d15cdac43392249704197d932139c93c55855445023c24606d5451c0fa57d0dfb56787a5f06cda759ddd84a2dfc97fecef33ecd110a0fcee23b67298e0f250600e4e735f3d0395eb907a552014a8dc33dff4a8da54468d380f2671c7f9e69e1f6f5351cc126500fd460f7a603f6f4cfe3ed4cddf3042a6959f6839effdd14841c1181d28018075f9b8cd0d90c0e7f4f9a90b16628052063c6704e792dd8500297c63f2cd1b7e77cfc871d314ce98dadf20f4a3763a7073f771fd2801de695c60e31fa509b768dc573f5a8382e33cf3ceda5cece39a007f9a90c6492ab8fe2cf14ffe1ce734d894c698397200505fafd69ca70beb8f5a00723ed3ed8a9b71de73cb75fc2aba9192073c00453964c8c9fe7400fcab8e84814bb80ec3a7348929e08cf1de97efaf385ec33400e5639e46077a1874231f4a1b05812067e94acd8ce314002b7cb9fe540076f18149c374cf5fe1a74309b9992344dcee7eee78e9ebe9eff53da803de3f64cf85169e3ef193ddea2f198ed63df6b0b449731bc808de93c44f28632460e3048719c57dfe746d2f46f0547e1e5f391a3845b24cb3c9e60888711a0925c97d809c072403c63a03e1dfb3ae832781be1a59d98963b4b860d706d351837c0f7253e796239791378c1711b8420070464eff0051d5755b99a40c2ce62918deeab71d0123a49d244248c1e0f4ce1c739b6598dac24ffbb37f706fef6d177c77bf6509392461cc800f9247dff3ff000387c8c7c9546c34bb7d4a490cb2496724b32bc5730ca22fdf0e10c6e508471d083c14e3d41b57972f75796904d28892e25de6399804438e4120e00397e038fbee302b62f0456b6d24493cb6fb14c325b3289383c142920cf191c648299e70305015563b97fdddd8b78a58d8bc9b21f2c44c3e4398892233d880472461c0c563eb77d7097d0183327faf436cf348249d020f3631bfee4800f3023eccfcfc127359dacf88238649d1e4b5bc4053114c5d248087d847f78838201c9d9c124f00e24779141a825fdc6a46ed2e5415b186d0dc49711a6137fdf0498821e1305c6fcc7be3c800ec2180db4ce2ded162b248b7c69b4a795c8fdfba039f331805c118c2124ef246b2dfda5cdc5cd94af0da4f22f9c5849b0e0be12e0e3d24011c81b09285c27295e5fe29f18c1a4496f243aaae8b6734725d5adc43bc9de918292c729050a39e312f9601c64a03203ceeafe28d4174eb788449697201be97699629ad1cc7f3bdaec1ba2888e5e3fde26241820220a00f6836771736715ffdaf65f46f200ed381cc7feb24f3327e78f2f90ff3a6739704f99a16f1dc693039d91dcc52f9b24ee0000649f325f2c9201e72f1e7cb7ea9b0e52bc7ad358d621d48c53c07ccbe64325c43124526a10c518f9e4b603297089f39741bc8048c0de893e83e24b4bebcb092cf53315bcac5204b69cdc01204f91edcbe091c8088e378cbc4e84636007aac4e74e135bdfc96fa85cc738ba3730cc33b3291c9c0e4a10e997193f390e37a0274e6b1297c9e44c258894b789a2932719ce38e1c825ce47f013e95c3daeb8754f10ca6dee62de4fdbe1bc58f10a4c07ef43f7d8e85d0a1fbf194e9240f4e7f196bf61a8ea9a3c5a745657368a27b7b6dc5e49153efc59c9df8041040fe043d25e003b27b096dbc43652c8ed1c176364a0f29cc892c7220ce060e509e9829c111d5db64fecdb3b6bd68edd2d2ea490de22c72611f033b07f0219222ee304bef0473d79cd0fc4f697097371916924b6725cc1249087f22e10012123a38c677838e2370319e1d0ea173a6e8514b73f6b97fb3e6708800c24267f2e421dc812460bf9839c848d3924e6803b187519750b42ec47ef2132493a01fbb24e72febc6391c1c1efd3525d3a36b3d41d621693dd453116d30fde08db03239cf1f3fa6723d2b3f4e9ace3c599b728935ae4a34e1d0a18c02639063fe7ac83bfdcedd6b5ad356b8d3de58a3b712c6f72e56523e745910f9648e739f2f9e8093ce2a80cdd492e7cc92e7cfd90c8dbca91969d1045b138e7b4fc0ea4d5064bb79a3b4b5909065f9a175d8247f3a52379e800f28640cf03a722b6acae6cefe188a3cdb8446684a391bd1f0301cf3d641923b1f602b1752d6099c46914b6f2dcba47b62910818397703fb9f2c99f5d983c54814755d5de7f3dd859bc880c30ab28134e509087b638432e31c6f4e80035976d3c1a948047721b7869944c7036452ff0018ef995d1c8ef94e80f18971e2e924d76e4dd27913c5771cdb238896919fcc95f3dc93e49f6d822fbe326b96d03c4f70b3493c9760e9fa6dac905dbc0be4a4132e677084e010249637c0cecf2901fbf401da6a7671dcf892fedece4f36f2dede3f36f5a54f2ed1e477cbb9e82e1c17c0ff0096518724a123346cf504d1174cb4774bbb70d1f948b1820e42796046072718c0c0fbe0ec03cb039df0a35fda49125f5c1b2bbbe2d70d6769264400e6e277c1003dc4809f3273c471802319cd6ea59db2ea1a7da400dbc56334867b871e588f6c64c914009ff6f32107e442f93be47c8069df5ac5ac59e9f046e27b38a436f0c96c3cef32624e71dbcb1b3e7033bc820be23c96585d44b05edf98e6d42592509e75cdec645cb20f9e31b32000e4e026ff002f3f221ea75ff77a6d803e5c504a90792d04c12202227e718c7eefaece7a0f93af150dc5bcb0bc8c0c7632470905a28404b6ca63cb8c104efc1c703b1241c900030f51d4ee6d65fed378d6e2ef6c51c7676919f3e3209d888f90234e5f085e3c202f239ce05ad3ee52dae52dd608e292e24fdf5a4526c067c03c3801a47d84177c0c023791f2660974a4b2f36da2b811f953b81b2423cc0a33e63923e73ca64f773c711e4d0bed06dafeda574416168c181329314729183e5c68482f1824be4fc8325cef7e6a6e06a6a577783509256bd8ecad2368d3796318cb0233e6105c6780027c8073bc9ce39e8d353d5e18ef9a21e5ca06c4b69d1e49141eb124424c648e64924de704f030952dba59db3cfe6d9456e618cc66f666791f97fbe51f3c71c0c173c9c0aeb2db5892f6736d0dc3c16f0ac72480daa0c9200401df291f473cee7098e0700d01c158f9b2f9b60679a39e408816db0641924e391fbb4240dee766513197edd5f80348169e227bcf105dc37b1594320b5b148ca5bdb83b0178ede0438c8e10be5dc1ec0ecab1ad587d82e6de3b5786c96e83f2f190727a4b229c9e7d7602474ed4d16492cf04b7169f6916bb7cb9e2b8963206700c9b243e6724f7249727938c4ad007fed21f0f2dfc49f0f6eb594d44c1776acd3f9f0c215fcbff009680e7a8118c00f22460fce4f1c7e5fba793712c6a57cbdd98f649e6009db0f8f9c63a1efd4715faf367a88d93c4d23c48631087dc1eea466078c7cfb0e3384041e3bf6fce9fda82cacec3c7f2c56ba55c5b0f32432dfcd6cf089643ff002c40280178c633b09037e0639ad11078df0c4e3a7a51bbb01f4c51fc44f2075a53f74e2ac08f79e36f148ea54e47391c50df2b824f18e1691b2680199c367b6307d684caf2c3771f9d0edb4a00477f9aa1ca2ef047b8dbd33400ff00c79fad465c3ff19e073ce28f30329039ed4ce76f747009edd6801e5b77393b319c31a8f09ff3d3f5a7efe3e639f4e698c573dbf3a00b271d3278fd68182842f3fed546aa5df3df1c0a910ede9c3e3f8ba93400fdd961d0103f8a922945c464ec2082530c31d0d015f96e3343a1ec0e05004a99c803906955b726071935107edc0c1a786e0628024ddb780491436d0a14838f5a1486c63381d49a6ae1573927d2801db40cb1e057ac7ece5e0cd4fc49e364bfd3e4b8b0bbd3879d697b98d2d9e6c7fc7b12e08f3644c944e8e0382307cc8fc9f391d78ce79e83debec8fd863c01713785fc43e2069d228350bb852197ca171095b71c7988f8538924c820e407c8279d8981f54783e0b9f0dd814b8b690fd8a311cd6d6983001fc0631213c0c9289bdb8e03bf41cbf89efc456370562304718df2cd00d9f662792f2c47a46fcef41c743f21ebdac71dc46f2121c7cc643e538f2f7ef39037a631ea08e463279c9f3cf155ca5bcb28964315c063222242629a0700e3e73d3b7c99f9327b7158b2cced03558ac2e0de21123c646d58a7f9cf7c3818233c60b8fc0d56d6fc617135c9b782092eee306402dca249804e44650fce01201fba463184aa022b08749f2ee45bdadef982710dc4212429ce414cfce9d4929c60608ce09e62fb45bbb9b2bb8e282eaf6dc5d04bbb7b5bef367b6b8fe0304c46e4253fe5949907381bf38a40171e3111604d14939f9bcbbb68c2491c838f9e374c480e00df8fe3ce481bcd793cf0fa8bc5a328332c724904321c46fd7223c948a4232320ba1c264463662adb43ae69397825d3f50890c50e184f11f351f877dfbc452606cfde246e39c3ec240d0b2b31aacbf649b469d25923908b6fb179b0dc0052340487f36095090013f21c8f9ca605581b1e1eb38bc5b7c35cd322985dc8009eced22247cbd5c2499e4e637701c1c48648dfe73bfb1b9f0c695676517f64585b5a59b5c0b8781965548242e50c917076143c6f88a03cef07241cad32ea3b2d12d2dc4424472f245f69965b7310dfe5922577731c88e4a7df003920e3782752e7579ed37dc5ff009f67a746d265eefcd096e189c4a410e4120e1ca118187e868021d0f41d31eda58ae608b51b5fddee89d925112c727204af803cb73d0b878fe4d8e886b2f5bd12d6182e3fb61ee22bdb822c61b98a512cfe67999cc82403224e03dbcbcefd98931207af3ef88bfb4247a235e4706af603588a28e7b7d4b4fba8e390ba941e5ca9265270e038f91f79c147474c11f37f8bbf6b6d6add81835b92de56c7dae531f970f98323081d0f9609243c68fb0f3e590322a80faf355d52c34a4fb5c11bcfa84aa609656f3227c0382ee8e793bcbc528704ef9039fbfe61ed6caf07d8eca2b4b96b82d149269e93aec98c71a7faa7939238324793c7cfc9e057e6ceb7fb424bafba5c5b8beb3820216e26402547590140130303013f76e06303cb2311478ea7e1e7ed397ba2269c66d54ea16d64ac6ce5c98fcc404c7711ca7191e624a108c9cbec932300d49373ef96b4bf82ce4bbdf31b7b186579fcb525cc7e5e52544eae0c3249e60cf2634e33bcd6e6b1e2117fe19bbd42c53ed165666446d3addbcc4b885820953e8500c1ec7a63835c77867e2fd84ba2699ac5add43f3c3cc7241f24a9197128913a82002879243c9e8f5e85a7f84a2d066b58d3ecb0010c9e5437846c8fcbb8882631c94c6633d47cfcf5a1145d952cb4d8ad8dbe0c1e5985ae249018e48e308e9bdffbef17dc7ee50e719356b44f2af2e7ec935c4ee2d24176b0aca2412a6f0303b923611e809f7aa3a3684575b82d0db4b949eea202ea2050db239485cfae111304f2320e7a0069ba741a734b159a0b34cc7691bf26448c6f2992076f90e33d4669b0346f12de25314b3c2967621268e662702d946490792767009f58c77c572f757b1da6973ce2ee4b77d3ede47f90ed8e28cc59d87249de9113907905c17e4f1d4de69d613e9b73e7c09796e8b0c0253194129df1a3f1ea484e7be1f8af25f8a7ac49a278167b78b1209ade49fce4c192e25778ddc1cff1992448f67708e380314806ef896c2df56d42d2381236820bb990bcb1c7288019f8eee092883a72887ae2bc4ed3e2768fa2620d62edf54d1b509ae7edb790c28cef6ce41ba444181be570f13c8401fbd8c0c9e6bcb7e35fc71bdbe9b4ef0e58ea282c346410ca8b7063177201225c4b23e303397e4705e50797012bccff00e13db5b0f16cf7371797768f6b04900b778f64dbc02820890e4e013ca03840420cc9c92c07d6be09f89b6773e24bfbcbbb8373addd49744436c512d6425c6c89091929e61903ca79d91124221c0f64f046b905dccfa6dd4ab3dec49696b693796efc9fde99307f8c97df927192848252403f352c7e2769fa25e5dc1f6db9b8512b2470653cb823de3cc738ea0ec8d00e06c441c195f67adfc34fda82286f2f0dfdd4bfba263170ec6e249e321048f3c8472711ecd88073d7e4088403eff8f5117535c6a105b3c8f7a727731901ce120008193c467cbc0c9dfbfbe4476f226af323b476da9d9c8652d7309c7493cb729b092e1c872319fb806f238af35f01fc66d33c77a7ea16c44b73724476f33189d23b68df3be2933870c234725139c62327ae7d326b248b555bb8e736d042b9fdc4623291c784e30061000231181ea78e320116a212ff00cbb782e564b7b7963853382524249cbf1f23b920e00c8441c8ce4529ee25992e65f2e391db08c9100f238c0223073c9d85320779319e0d68d85ca79904207d8e6bf94ccd0e43980b025e574ce33f39247ba0278352c31dbc718d8c099d9515fcbe6e7cde88f275c39c67b908f9fbf401c6df594ab2b3b460dc0641f26f2439c13cf25dc938e3a202718c560db788e5b3bfb79fca8fc883f71fbdb92f0463efef8d31b01cf5232e46323b5777349bade48f16b1ac8c21325d2c8e891123cc2767241c263046fee40000f3fd57449d351772cb7371246f24a669322219e7f749f28c123803009e4e6a00f44d5647bcd385a492dab9524c52229b74eb9e7792703ee13ce48fa629f862f3ec93c9381b1028fdf4adc41eae78fbfcec43838cbf19acbf0cdfc10db3da4b15ac430ff321383c0010e082475f9339c71dcd58b392286eca4a5530640be6401e34c8ebb39ffbe071ef401e9167a93be8f25b5a41736d69013234b0aa443cb3c6064924772ff813d8fc79fb6bf86bc43ac5ec7ac4b6f64fa65bc50c8f72d05d3cd651ec3849247df1c60ffb088493f3ec18afaef4f4b94d3e3431cc2400631f23382e3e719f98e78c39238c803d3cdfe3df812efc6df0eb51b39b54862d3a3b19bfd1f1142818e712c9704a1393ff002cd0043df2339b44b3f34b71ef943fed5347cdbb23afbe29f730c904cf048637923628cd1b064247070470467bd46ff2e7e61cd6a2032fc98393c7f08cd3378e7afbf6a472140c9ebc51ea5bad0047b79c8c8e73517007cbd08a95c0cf39193cd45840c4f7cf2b400d6cff00081c501fae3240e37638348d865e0039e3af349b8ee38e7680bf5a001b24e38c9a198f1b4f18f4a696ddc7c9cd479038627238a00b8aa4331e3f134efb802b0e79fc2a288f4e08009273cd39e52307af39340128cedc83c9ebef41fbe72703bd26e66cff0078f5a5e77727f2a007670f83d3b2e2a58be6e48c7f0d41c2ae00e9fc46a6fe2de33ec3ad003947cbc8faeda33f263b63a37149f789c2f51bb8a7ab81ed9f6a00921b6b8bd905bdac52cf733308e28e08bcc724f0309d4fd2bf4f3e03e8fae695f0d3458b5db2874fbf1088e58ad2de3863751ce44403ae7073912038eb82481f9c9f0df4a3ab78df4788d9fdb208eea29a7416b1dc6230e3242484292072379033dfa57ea6787a2b7d3ecac12d2c0e9f25bc9f36db710ef19e1f1e58fe0fafa7b98604979a718ac0cf6ef3c96f73264fce91cd1141821367df1c1e1c83ee40c5799eb178890bdcbce648e6de259a59638ca1048de5e3017be39c0e47ce49af43f12eacef686da130c690c523cc4d9131c8700a48fb39083b98f91ebc1c784f8b3c59afc578654d31351d8362cda7df47751cf164004e4890819c1c8253fe7a11d336596af9a4d41534f9e296ca3906c2d700887939085067cb93ba4910707b127e4ae7e5b74f0fdfdc7d974ebeb97963082d92e8092488b9fddc90ca4dbce8724a141f2481010809028278be5b5b37b95b492582150f75a28f2933139f9fe7c6c18037ff00083d8c98de99104f7faedf28bcd42d751b7452374a07eec9c8314f6b79c61d3085f389473e6bbe3280e997e2768096173a8cfa98b0d3b4c629712ebd2f9725b60e0c72c920dc3078084be0e10a7043d383e2d686609e5b2d0bc47e20b0727cab8d3f41921b638f9de4fb45c18220761c49e5b947c248021e2bc1ff006c7d1e6d07e09cf7716a9a8882f75cd2e09a46fdec68ab1ca761de3cc49233181b0f3841cb8c63c3af7c376de319ace4b3f146a5e348eed659aef54f1168a6cd209847bc082533ca251c1ce4214283381c5525703ec5f147ed391e9b79a85d4107836c268c0924bbf1278d617792468847bfc8b149ce4a707905c01d4815e61e30fdaaf46f164c2c26f8a1a43de36d31ff00c219e0ad4aeee8480e708f777110e303a0c1efc715e2ff00003e11e8be3e5f13f8a75db592e34cb096db4ef0fe8b1c8f671dedc4de63a4b3c8332456e9144f2c86321ce708e3815fa35f01fc5da07c3cd3ad61f0dfc3bf0ddbc7e543fbdd0ad85b491c4e0e269257f324924978711972c10a0249719b4883e23d3fe1ca78dee19f4fd0be3af8da0bac79b716be16b2d36090e41e049e68072339f5e7d6aeeb3fb19ea17ffbd83e10fc6a9ae490fba7b8d2634c8e0702338c0c0f7c66bf5dbc2b26a9ab79daa6a68d6c256296f641f2228b3c13cf2e7b9fc071c9b9e20d64689a7f9a22599c11f263b7b92401c7a9fceac0fc71d4ff0064ad4d70da9fc1bf8cac0371796a34c966e4f4d89177efcd723a87c2af0c78684b2eb537c50f05199c863e2af019b88231d0bc92c570991ebb23cfb1afd5dd73e39eb76573b2c96d2499a4d91d941a64b3cc47e32c600ff6e4f287a07aabff000d05e29b3012f7c3ba4df5ccad211a6da5e4c26118c6324c64670792703a6339a00fce5f84ff0010743f03b793a4fc5bf0778cf4c121bafecdd4ee6fb4299c9c878e37bab778f2fc1e5c00e01f5cfd69e15fda822bb58750d6fc25e2d8ec63915a6d5f4448bc43a6b441f27cc9b4f91c9192848283ee1ad6f1b6bff0c7e23437579e3df81de1fd46d21f9e6d6ade7b6700a81fbbf38a44d2b73c2465f3c63dbe49f8d9f023e10e977717887e12eb7e37f849ae8914f93aa5a5c47631c841289f6847f3203c1e4190718e2a6c80fb77c13fb467c32f1e33db685e2fd13fb476cb9b7b9be16d7500c700c53f96e0e5f04633c0f4af4a3737967e21d42eeda074b492f227e84078729b0467a0e0b938fee0afc88f037ed37e2bd6b54b5f077c558b42f893e1ebd97fb360d735ed362bebab42878921ba29e6100819126787cf7aaa7e2ccbf0ff00e1c689ae5be842c7fb5eeef2d66b5d0b5ad574816d2db98c3a7eea7f25cba4a0fdce063d715362cfd74b9bc4bcb9b8b88e29ae621104f25217e6510cae0b8f6320e7192791d2be6afda7fc69a7787dedb40d52e6d747b78279216b76b8c5d5cbfc8e0c718cb48fe6bc78000c04739e0e7e2af0a7ed13a8fc40d5a4d0b4ed2b58792ec88631af78cf59d49c1fee086292212649c60a1fbe05723f1a7e28f88fe17fc43d4742f0aeacde0f885969dfda49e1e885939b9fb3a4ae04a87cdc079083fbceb9a2c4dce8fc45f0cbc691d80bcd37c3fa841393279da96afb34db6f2e53f2605d18c9420f519cf5e09ae097e0d6b16b777526adf14bc03a14d17fac07c44972efcfdc06d2397b927eb93d6bde7e07fec153f8bf4dd1fc67f192f752d1ed75c6f334df0dd89f375ad4633c891da5c8b78b073be4e7a7dcc8cfd45a07ecdff067c03711b59fc27d05e58e68d366b324fa95d447f80c9e7ba45193c1d8473fc0920ad047e74e8be0cf06beaa8fa8fc65f0f7dba372634b3d0755bc8fccc0c1e2040f8c71d47b62babd13e1fe9d24d697167aaf8b9e380b16bad1fc197d20949e9227fa426cc718c6338e7dbf4c3c31e0cd63c40ff64d1748d2bc19a52e778d134b8ec3a1e4218d10efe84c8f8ea3102751eede02f85d73a0491dd5deb1aa5f5d800493dcde4ce64c0c742e463af073fae6803f29bc345fc1296b3da6bdf10f4f4b507ca9aebe17cb24310fb9900de100804e0e32327bd7a22fed4d69e1a86249fe346976f752a2c720f197c3ad5619ce0efe5a09dc6327b77f6c57eb16d3eff9d62788f44d1b5bb0922d76c2c6fec5be468afe18e48d81e3044831536407e7069bfb565b5fde7967e20fc23d76068c3330d4f56d1e4ea46079d6f2873df1c7bd7a4f85be3c5e6b36c6593c39a9bdb3831ade787b53b1d6e1703af304a932138207eeb7f27a6315d8fc55fd8aff00665f88d65aa5ddc69ba3f86eee063f69d4bc3176968f6afe5eff009d109880d8a4e0a63ad7e6cfc5bfd8f756f84ba6eb1e33f867e33d37e24f83f47907f685de9a7175a603c81776c73818fe34ce3a90839a5c88773f472f3e38f863ce80ea73dee8004788e1d6f48bdd3ba678732400797c8e73d87a7354f8dbc2dad68f3cfa3ea369aefd9654458b4bba82f47118cc442138c90080ff00227418c57c4be01f1369de10f0578775f8fc5bae695a8f894dcc5616f69e233a6e9f6a9094245e5cc8926f24ba622488f1c9718383e1978935dd67f6a5f037dabc4a9afbdd3dd5a1bc5be4bc8ee603672178fed08804919640767f0138c71ccd8a3eced235b926d47cc83cbff4794433c30e6578e41838926f9003f387c2038cf5e6babb399ee6608c837c8c232d1103603c1e3a1cfaf07eb5c5e9168b0dd13732d8da4a48db609324c63249fe0e0213d7819c9393c0aea74e9234fbe736e0e7a039eb8ef5007a1786fed1ada7976fe698e60f6dba6983a443046513187383d1f67be738aabe3ad32e354f07dfd968ef2dc4930118135c0b7329e411e64437e1c03f2218f3c0ce3396f87b55b8b6992f26b88e5432059b11bdcf991e0e50c8784edfbb4c1e7247af4d7d72b34113bda25c401247fb3008aa01c7eefa1c71d49073d319ab44b3f27bc6d16a8be27d52e753b2bbb39ee6ea59952ee300bc7e61008200474c0003a7c871c13835cf364100d7ba7ed45a3d9c3e244bcd3ad6421cc86eae63b178e04cbfc9146fc244839cc0402383dc81e167e6527a0ea6b5111eff0097ef7cbddb34b8c679ebf9d2163df2b8fc299313c1e7a1e050031cfcbd738fee8a8f9f9f3ea72ad4ff00be467e4e698aff0036c51fec96f4a00695daa814f6c74e94c6cba75e73f4c52ff174ce392cdeb48bc29ce73c50046309b1d81c73b4b7a52b441ce794f6cd34f7f523f3a17663e703777e2802d36431fe74e899b8faf7a18f5cf7ebd79a697f9b048fafa5003c39c9c6383cb66ac236fe4afd1aab4780a0ed191d6a645c9f6ebc5003b231f2e3d7ad37e7ce73dfef67ad084af0474fef53c202460ef1fed50028df9c1cf7a98fcf804f1fed54610851c73fcaa44c718ce3fdaef401d4fc2e992dfe216887cdbbb79fcfc5bcda74a1274931901325339194280e483d1fee1fd39f09ea10cde0cd3f4f918d8a45124110b78c24706c27911a14f2ff0087380067a75c0fcc7f8577d069be3cd1efe692d516de4df1fdb0b84dd8ed8206475f9fe4e3907a57e93e83a95ce95e0ccdc5ce9d7703db8b85fb3f90e92427181fbb4e4bf0e7b9c9c60e2a18d199f107c43f65d3dcddbff685a31f3da6b78a5c88e3006f2401b0f4c104024727826bc1ef7c636968e676d516dadcc79974d48bed0637078904d6f820f3824c608ee5ebd5be20c56fae69104efa7bc714ede744f712cf6e3cec646f79411193d46fc60a000e4e2bc03c61e0cd7efad24f22caf8e970c5be5b265f36ee48c94f3272f1c848e40e40933f8135251a3378846bcfa75ddb151792339582690446427077da5d443648e7009d832e0012db4b8de3762d0c2dbfdb51e211c4be619ae61de6d989c040222045197c90e83664fc833f23f9f68fe15bd866b8b4ba5bbfb5dc2c6255d4a712e470fbc9f92178c9c732127232103f35ecfe1af00cba9dc9bbb2fed7c21f2ee9f323a6f09b2442f1e648c9c142700be3e73267240296b3f033c3ff001c3e1a788349f124977a7c9343048ad0aaa5d5b79677c72f3f2c899ce32002323101ce7f3ffc71e08d53e0e59fc4df09ebb7a2ef56d3ada04b4b880916d79673bc691cc83d361e33c82c41c915fab5a5785adef25823b5beb8b7fb0833ac32141344083fbc88844d9feda60a3e01c23826bf3c3fe0a1fa2c9a7fc46f096af27978d474b36134b083b2e45bde820e3820ed957287d3824629a0357f664b64f1978a3c6da114857c3da2ea5110d70e36388edfecf04394e7ca2227924e7044683a9cd7d8fa7bda59dddbdce9f7004ef299d1240231ff004d2e267c705fdf9038033c0fcfbfd97f5cbbd2be32f8e340dd30bad4eee493c9e222ef0dc3ef4794f28bb1c9240ce07e07dfbc67f14e2b7bb9744b3b85bbd362323ea179c471dece9926327f8218c65cf3800632497df5720fafbc21f1be1d3e6927bdbc9ae6c6089ded604221370e064cd212488e2039033809863bc902bd3ac7c4c9e3db490ddc29616d190f1b38cc927fd340affead08e85c6f20e4a2702be08f05de6a973abbeb5abca6ceec5bc4e4dcc5e58d32238311489f38b9903a3c70104a02924a1e578a1aed3c73fb4d5b78154e970a3dcea3110174a493ccf2a4248df772024bc848cf9087e4ff00968fbcec42e59f55f8934bd0748b2f32deeed7468139fb64ac0c808e9b01ea79c0fc803d2bcf2c7c387c4d71f6bd32de1b8d3de4f96f351045a4e33f7ca64497383900128831cf96057cc5a1f8ef54f1beae759d5ee223616d20f32fb558e47b6f35f21238edd0ef9e4ce02463ae00d841d95c47c7bfdac754d396f3c2fa4dec9a3d9987176249fccb9932483f6a78f80fb138b58b6a2747c63026e41ec1fb407c62f0cf82ae1920d421d5f5b8b7430de3b1912ddc7fcfbc6802f4de0f96238c63e7326727e02f8b1f1b356f88fa8489f6cc5ac52948d1242ee33feb3629032780324003a2600c5705e2df18df7896e9ee2e679a5b6082359a618f331db6a703b607fb0093c573ae26b871790279462937a2e4fc801cf04f3d73fe4568076ebaacb69f0e6df52b69e58aeec3c450bc3bd06d5956d49ce4753944e4f27bd777f12e583c567c55e1ff000ae9775a9db6ababdb789b473a7dcacb05819ed5e4b9b5707fe5a0128e01de0c5822bcff00c47a547a57c29f092b026f75ad46ff0052f25466410c662b787e80ba5c01f4afd44fd853f656d3343f86da4ebfacd8eeba960844714df37945a6496591323e4264882777c47c9c6c15007c0dfb2ac7a5fc20f8bb6f7ff138dff85ac65b3992cb52b9b6f32dc5c489e582f2047283cb33e1d39c81d066b1be1fdf45f18bf6b5d2fc43aa430ff63df78a6daf6e219dbf7696a6fa08c27b808f18e71c57df1fb5b7c0db7d4741b3d32e236927d54456936a5249bf13012182e1f80124f34c7971d45c4fd00e7f3c7e0b6982f13e22d8ce8f06ab17842fe6b7568c17135adcdbdc1e3d40864e4ff72803f72e1f05d9c1f11f5ed4b51be82ebc45aa4dbad6d6dddcbd9dac63646779e63c8de4e3182efe5f3935cd5eeafe04d1ae7ceb7b9b3d55669b0b72d2ecb2326fc011ba025cefe310077271e639afcfaf017c64f187ed01e258ce952f95a3dbc70dd6bb7fa9cc6382691b19fb63a750641810202d2e31b1f2238bdf2e7f688f017c02b97f3efee7c71f10c828d29f2d2e53800a778b4f8bb79637c800c384fb82ae07ddba18862b1496480db4a3908e9b7676c84c9d9f8f3ebe94dbef1ae9f6934b1f9f19308265776c2478ecefd07d0f3ed5f9a9e2dfdb33c73e32be8f4bb532698f2b7cb61a4612e8afb1248b718eb24a4bff00b03a57a67801af341be8edaf111b5971f696f0f690a2ea6b78c8f925b9b894809d73e64a51cf18428395703e9af18ebba9f8c2d0c7a5c9a95c45bc011db486d617ecf9704311d7efbc63fd871c579c6a3f0cb46d36447d5ae105ddcbba369d6b224b23927bcb2e4039fee260f03048c9f33f187ed5da5f85e3bbb6b7bdb7bdbd84106c74a97f7313ff00724bd7c7bf112203838cf35f30fc4dfdb06e353b3bcb717e658e49f67d9ad0c96d6db0819071fbd971e84a83fc69d28b81f4178e3c4be0ef0dc17fa2247676802ba368fa445e6ba2809ff1f12a64ecc81907070302341cd7cf1e3ff8d7e1fd13524d62cdcdc3e9fa8adfc56170c63127eec4738f2c487114b16f8cbca59c87c0088707e66f167c67d435c37b668b35c40ec4fd97cc31da46540009823e1c803b929ec715c0f882e677b780cf3472b5c8339da9b5c0ce070381f4ebc73daa80f57f831e3bf1459ebb27877c317768de19d4352465d2756b08afede22f21449009e33b1d148c94c12383c66bdd7e02e9cfe2df8d369e2b98c9a87f654b27d9352e10ddc8a0447cb8c466344033b238c71e60248e6be75b2d6ae3c13e32b2b8b211c57b268f6334417184796cd0270fdfe7e99ea7af7afd26fd8efe0e5df853e1b8b8bf89a2410a8f26158df98c9c125e23839e0f4e87938acd8d1d078c2e4e8b7304e9b6da4b8b83183a85c0b6800380fe594397278c239e48213a935d469934abf7e486e0963b5914f0a7818403fc9fcab85f8873268a83cc9ed64f3ff74b0c646f0848e641e68f363253a9493071f2609addf877ac4f7b6b3c539118b56e112d7ece5012481b33e5fbe538f540722b328f49d22196c657748c990a98e4994830c64f00190125cfb4601cf4cd74f2dfdc5b58ddcff6d925d464b574885b284104898c00f21010f03aa738c735ca68c88d6c927d9e2bb94710b16327182483183d8631d339e3a60f41a96a935bf86758b7b6b8b6d1e4860dd0a5caf9ac9213b2326397cc2507d3804e3914d12cf80bf69ed72ef58f17a4535c388219649d6ce4b4c39924e5ee3ce088b3efc7040e39c64735e2eebbb83903391b857b07ed097ba7db5dd9e8f0e2e35886692e2f6659220637719f2a58e344fdea138df20626303907781e3e727a8e2b7115f6866fbf9e31f353382f95cfa629e5be6049ff00bea866c39008cf5a0089fe55cf5edd299b76b13d303eeff10a566deb8c81e8d8eb48f9c641e7a1a005dc73ce01f4a86573f3e4e071f74d48adf7c37c9c77f5a6bb06c10323baaf7a0085948ce0e05196fef352bb9c1f9074f5e951fc9fdc0fef81401759f672c0800f4ce69bb7694c8f9fbd203f37cc00c7ad3411b1c0c1c1c16f7a009d49e33d8f45e334e8b840b8e45471e4e33ffd7a914eec6d3ec68024fbfb890463f5a913e4fbbfad3776d2c0f6fd29523c1201238c104f1400f65f97182c7ef6eed4a0ed279e0d244840f98e0ff7734ec0539f4fe1a00f44f807a8c561f12f4e966b0d2f518f6b00bac0fdc21ed9ca38e7ee0247048232702bf462298c5e1ed3a396df4dd3fcc85414866fb147129fe08024792838cefc3e7eb5f9dbf01522b7f1c5bea2fa46a5a9dcda46c225b0b4fb520327c80b83c47d7ae79e062bf423c1d2241a54827b4b9448db13dcc733c3f31ff96922202b9f5047d2b37b96719e2a86c9bccd42c2e2ce78c192392e74bb712239e0e5e51280131f7cbe0fc809295e390cfa669f7315998eeec1ed24f317c896ebf77c1f2c0910e13d7e470e320832035ddfc76fb143776ef241a55cc65b7da5dada796921c9250ff1039d99923001d803ba66be7ed69af9d23b7b7b985e0b8931fd9367a7797011c00f27961d64971901d1cb9c64489b2901edba645aaeab69f6cb84d40db4f6ea935cc72a0e9971be2f2f782781978cc72633c1209e93c191dbb5e0b8b3f3ae11b28d776da7db4b34600e9b9224f2f19f622bcfbe0cbcd7ef3c8b3cb6a2372934d0ddec910e7e41e5caef15c60724489d8e1f15eab656b07fc24fe6b5c6957773e6a9fb4584324572067ee482393e723f2ce3e4a00f45d3eca4896ee7f365b94862dfbef2570de5f18084e42107a83c107e7f2ebe01ff00829569d2dff86f44bb8adae624d1ef257df39ca149494ce6325725e38f87da78e3201c7e86dc192cbc31777768eef1a7ceafe691307e8ee30fc76e08e9edd3e10fda5a7b4f1af8635db28b548751b8314b6f6b1244efb2ea3ccfe5c67841cc63e401872e72840a3a81f187c45f145ff81be38ddf8974c9d5e496e60d621dc331cab35bc728de3b822520ff005afa27e1ec4f79a358eb485257993ed765f6fc18638c4809bcb82e09f2a3908387044b70506c77023af9d7c7d6f0f8b3e16f81bc5903b79d65149e15bf694fcb1c96ff00bcb4909f47b6971ff6ee71e94df047c53d4e1f07ff00c21e2e160b48aebed06751f398c8f2f93d5f602e101e13cc72305dc9bb107b878a3e32ddc3732d868179757b2c41e76d4ae18a180b64493f5252477270f9790e480724b8caf04f86e792e43928102c924eee04680a8cbe790004041e5d5101cc8e0601c7f07f844c66cef0dacc229e292ee0b486e009ee2353b24b9964e0450a1e0dc3e00c6c8c13f7303e277c51b0d32ce4f0fe95722e5212125fb1c5e5dac855f7a6c1d5c21ce038d80fcfb0b92f48b3acf1f7c6d8f44b75b6f0fdd473dc451bdbc1aabc6628e087660c5631f1b0119125cb8591c7dc440403f3c6adaf25e5d4888f34f04c0096663b439cff00003d00ec4f3d4f19c553bab996fd8ddce5a55909d919908cfb91924f5ebdc9eb50d9c32de3ef0fbae0fddde00098edcf038e73d062a9220b37acb32ba800c8a32771c247ec99efdf3d4f353f84b4ad4bc4de21b1d134bb66b9d4b50bb8acace14fe29647c4687db27f2c9aab73731ccce8c9bd207f2e33d47273927b97c7ff00aabd3bc1ad3fc33f05cbe3899443ac6a50dcd8f85d5c90c99ca5dea407f7234cc519ef2392398cd303a9f0d78721f8adfb4a697e1cb0f2ef342f0a450d845329dc924169f21718fbfe6dcb17f7f33bd7ee0f80e0b5d2f41d3744863774876088bfde403781bf00720a1fd2bf3d7fe09f3f0020f0268275cd542dbeb576c1f5186e60ff00549d2ded839ee1f7bc839e400461335fa0d631dc42f3a5abf988b3242c7fd598ff0079925c1ebf7df8f7fa5401c678f3c2369e2ff0d25aca47973308ccb3728711ba647f100643f7fa02138e735f943f14b47b6f80ff00b55e917bab22d8685a8cde5eb104219638fce4369a9c7827b0964938e3f79f97ec4ea2d0de44d12bcdf63d883cc930892a648e38e7225407d0f3dabf3e3fe0a07f05aefc71e1b3a869f197d46c269aea389c8964bb23227c3ffaccbec240e41ca018f932167c88bf12fc5df04f4df127c27b132596a563ad4c22d6ece63e7411ecf2e436e8063cc9552322707784255080e6ab7843c19fda97364679469da001f685798f962e067efe46491d7e7fe32088f27359b7b17fc2c2f0459f8cac04771e21f0bdadb596bd6522e45dda2622b6bd23a98f604b69bd0f944f121c72f7ff00137537b1b86594992edb323be3f76071e58e381d3083b019cf6083ea18bc63a7f80b4c1fd9170da1d9904cdadc3103a85db7984e20c9db6d1f70e4efef93928388f16fed01a8dde8d26916572da4787114dc7f6659cc63f365908fdecf21c3cae7a9965f9c8fb8107c95e017fe37d43559637d42496eee36aed43d11474c2f41c724e0e4f27358973717378f23c8e71f78eee573f8f56f734ec077de20f88575a9794915c48f1460793c6c0467a451f5d9cb8249191e95c55edccf7f20692e4ec5519672641181c73c700f400556fb498e078c61cb90e72c3a67a393c93ec0d48177db4acf2f98a40768d4e140edc74cf5c0ff00ebd500a352c5aca90c71c27cbda40c64027a73d49ef5516cee2e012b134b2cf8038c939200c63df8a8f6797300f1efebf274c57a57c0bf0fbf897e28e8b0dedbf99a7e98d26bb7fb00e2d2d22370e84923036478c67f8c50076da7782bfe12efdaead3c2f631fdaedb4ebbb5b3911620e48b286347010f0e77c446cfe33c77afd7ff000d6836fa2782f4cb3304be518bcf54b9691fcbe7fd5f94e5ca64f5de783c00057e617ec3fa1ea7e33f89fae78c2eb6fda3519a4dcc0fdf91a413be0727024c1e879418394c1fd4df165ebe9da7dbc539f2ae447e61b89a6f2cb9d9b1d3788c6393c81c7635931a3e77f8b72062f25be9d6d2de48c21df66c6290a7999f2d0f024ce5c04049cf6c1c167c22bad2eda19c5acb0a24b12986cdaf05c4d1463b74ceccf20e48cf4e9c37e216a37ed0c6897719b2797cb96cad27ccdc719d833bf19e51f1c98ce13935b9e1064b348e4bbbbbabb9ed78fb5df5a98a443ce410f978c8f4048e78a828f483a749fe87713412c097392d338f33ccc673d3a13cf0793ed8ae8b4f58ee74d8ed3ed968905d47958a22331c99ed100e0b8fa94cf5ae66dae6275b4f205bceee018da2b74084e7be7939e8707a702ba9f126a56eba25e0b6fb46a72c70c9b63b3b89ed910ec3fba11a00727ebd3b83cd3407e76fed03e40f183c91691a7e9cf2cb2bb5ddacd0dc4d7a33813c8f1a27965c64f9403c608ca3f38af2966054af5e7b5757f12f5fb3f1278c351bdb1b792d2df884472c3e53c7b320a63249d87206f25fb12782792dfb4704fb0adc818eff007f801fa531f2ea40ec7a548c377a9ea3e6e335138da038273fdd14011b0e19b279e3a52eff004058f753e94f2bfc2dc75f969980c781ee79a0042e369e0103b6734c04361be4c7f7b34acded818fad47bc393d3041fbbfe7de801cf85eb8207cdf5a665fb2f1f4a5642df75f9eb522dbe463674e2801fc3a673d78eb4bb38e78e724d23e3818e31cf5c7d2936ec8864719c0039a00931b5fe6387cf1b7d69e1c60e78f5a832173b7fef96cf4a77f10c3e07d2802d226f393dc9cb6294e1d4391faf6a8c4a37b85eabcfcc78c53d9fe61c761f41401264152401fdea77f0e7a03d6a34c6e20104ff7a9e9bb1c10076cd00759f0d356fec8f185948f7335bdbcab243379204994319ff966485719c7071ec41c1afd09f09dcc1fd936f7222d56d2e0c31a465e48ede424a0c1fdd9f33675e1cbbe39df5f9a36d77716d3c571693fd9ef2290490ccdcec90720fbe0d7e82fecebe2fbcf13787e5bc922b1b4b6f38429a6e9ed22625206f7725fb8c64207c606723159c8688be21e9d7136b648b45bf9e7deb3cd24d3ea33bc646cc7960f43c672720035e62de17f0ee9ba95cea1aa5ceab294207d9adb4cb8323893804a72e31d47404653f783e4af7af10db595c4f3d85c456f380dfeaeec8264c0e424793c0f5f439ebc5709af69b1d9f95058e996025ba1b16492dd0a0046098e103326cc0deee718c03bf84acca382d175216c73a2592d869f0f125c58816f728f1e77ef03f751c99033f27c84ec429ce3b0b4f1626a96705e2eb6658e65fddcfaa191df3b0bfc881f738183c1906704e715c8eb76de1b96fa7bb0904904522c2fa85e8b7d9be3c07d827fdd79800c796913a26fed573c37ad4baf6ab39b5b76b4b7652e2ee5967b9925f2c8c84c0134ee0e33b0db4499c63aef00eeec352d5f5fb4b8d1ecae63371f652277b98239244f937926139860cf0079b2460923e79057cfdf16b5eb8f0cde09efaf66bfbf832f0dd5e5da4a531d913cb01e30e367eea28a31c9f31c8c9fa5a4b1b887c136cf63f6e59e5d409e91933cc725c2451e50393dc993a1de0f41f36fc5df0d9b0b69e7bf924b78a48cb9b4975048c44ebb014790f98f2c9bf00801a343c7f0388ec0f8e34bd4b4bf03f8b75ff0b6b7e6c1f0ff00c58424cfe5ef934e915c9b7bc403abc0ce4103fd644ee3fe5a0ae2bc4de06f117c2af1c7d8f53b7856f618d2f6d6689bccb5bfb6232934120e2585d79041e464707207a47c64d116feefed62d2283ed6c670908912649070e4c521773918392497de1ce060579f68ff00117c49a0e830f87a56b4f10f87a195a78745d560173040efd5e2fe38893827ca719ef5441b1e3cf8bd77e21d3134ed28cf65a4cbe5c977099f136a1281f23ce540cac78c22708981b10753e686e4c93092e482ec01ce3f4c63007b57a3a78b3c10ea5f59f8777f651c84bcd1683adcb6d19391d1678a7000c1c0cfe38e2a4b9bff008497d71be3d1fc7bb1bef43fda76258e07622dc74fa5581c24f646f6de2ba8f3338e24458fe72383bfe9d7bf6e71d2b3dde495d10a2103d31f3e3b03debd574bd5fe1d5bab4f63f0dfc51ad7f01fb7f887cb85dfaf4b7b542381d378aeb340f8cbe34d110c9f0ebc31e15f8724a3117da7d9a4ba894ce33f6ab932cc879edb3f952b818f0fc225f0069961e20f8b16f71a069b2c1e7699e12cfd9f55d6d49e3e4c66d6dc9fbf3cbc919f2c39e475ff0007bc13ac7c77f1fdbf8cfc616f159e8d0ed7b48228c436f1db4083645045dade24181fdf7206492e68f017c1eb9f1e78927f1178bafaff00c4ab22b4f75a85fc8f23c92040fcefdf24af8282347c292e0becfba7ebaf03fc2db9d3be28a6996727977163731c17cb15a91be6913f7708240e7646e138f9228cca79c2086cb3e8ef87da35be87a2594091ecbf92720c1b4a6c1194123e7b8320d99ff969e581f5f5eb4d462b2f30cdb059884471cd6fda52efbdd0f5e5d8229f519e95c2e99a59d3f4ff00b6c8e3ec892a1b47b7cef3993971df009241f7e0715d459de0974f746b6690cc208fc8b6f9ca101c81f920c9f5a44b2f6b45e58df6cc52e446628d40ff00560b9de73d33c6cc8ff60f15e21fb44e803c41a525abc7fb8176b743c89409222c4e0a3e78c1ebd3e71db191ee3a8cd23e9b7104a3cb92d9a413498ce79de7fcfbd70fe30b0899f54b75d88fb243e74ade5c720322488738e3397e7a027904668608fc61f16e89aafc16f1faf89744fb1ddd8979259ec644dd6f2c129292452467ac322fc87d320f194354359f85763e37b693c45f0a8cfaadac4866baf0ac87cdd5f47e727627fcbd5b8ed3460903fd6221e4fdc5f13be0fe9c971a9c9168e2ce3493ed604dfbc923071f68b678f98cc5b0b9032783f264220af907e207c02bff000b5c2eb9e11966d385a4ccdfb8959dece48c8fb92a723048f9c1fe38c9c6412d328f0399dd26758f32396dbd0ab93ee3ae7ad125cab0cb0fde6d23e43f747a0ec2bd675ff1cebf7cca9f127c230f8ade64fddeb711fb2ea32638cfdaa1044e41ebe6a4841eb8358377a57c36d6e48ce9be24d5b413237ef21d7b4d5b886338ebe75b1c91ff006cb3ed5a1079fdcea4f25b470af4c725bfcf1419bed0596354f946fce0e0e07615e890fc198f51b337163e3df03dc3e0e21975a36b263b7faf8e31fafd6963f841676d0c6fad7c44f06691082d9f2b517d4261ff0001b58e4ce7eb4ae070372cf045147222176c3bed972718e01f43dfd6bd9f4d82e3e1a7c219e18824de35f8856f15a416b121f3ad34612872efdc35dc891ed1d7ca88b7490563d85efc39f04dc93e1db3d43e22f88a338b7b8d5ecc5ae9519feffd941792e39e82578d3fbe8e38aecfe1be99abebfacea3e2ef135c4fae788efe6749ae567c4d6d90439438c79b88f6044e047c0294c0fba7f651f87961e09d1f428208218d340b53e6dc330921d424622479237cf21dca3a38c11b3047c801f60f11eb65e27b99dd12de2188e39660891827a67181f80cfd6b84f839349a6f84134e68efecf7470aac172d379262f2c796228e5e630460f945d8e49d84c650d68f893c5a9a5a1c6e8a3c0c4e33804ff7c01be3c1e3271dc835ce59c7eb37da83eb22ef16d7037010cb6d74f0dcba6fcf9640f2fccc207e42303b3ee6726ba6f0f59c9676a4db4be6ce0007039031fc613cbdfe9c8151c4925f912b3d95ddba1134172019307a0c4c01f9064f38e41c1cf39dad3629470f78de660612690c89c0c641470318f6a00ded104ae91c735a2193ee1678c75e00c93918e9d7b56ef8fb468b55f0d9d32f3575fb415d90d9bc71cb1c848ff565242e80f19063398cf4cf2871ac54e0c922097008c2b942e71c007d7d8fa7d2b37e32eae74af005ce9567aacba27daf4eb9b85bf6b733472421364b19891d24de11f7831e5c004f0462a96e07e79f89356b4d6f5ed4351b18eee0b6bb98cab1dff94660700127ca023c9233f2003278eb58edb1c8e32b8e99eb522b6f8d017f338187f33cc0fefbf8273ea40cd45c7cfb93a7f0b56c40c7c3b63a9e72bcfa544ade5b2640271d49ab12e3697e3fdd150676fce0f439a0010e776d38e7e98a8fee313b31c71c720d4832703eff001cf143280bc9c1cfddcf7a0085fe6dee3923a7b5088376400454cdf2b703af41eb49127ca198003a7cbe940102c7bdb030849e36d5a89be41d7f3a630daf9ce53a74fe74ac81f0703a7b500273f2edeff7b8a66e3b4162038e9ef4f085557be0f2dd686059536f6fe1c5001bfb1c76fc29547eeb82401c74a6ab86386e08e338a773b893c11fc5400ed98c6d0bedb71c54c9f23603e78fe11ed418bf8bd47f0d397ef6438e074a0072f7c3971918a9b85ce475a17a0ddc71f5a07a76feed002f182013cf5afa8ff64cf1f49e1fb79ed23fb5ea979753076b3b68239336e0608701f7ec1c83e679630f9064c0c7cb7bb775e2bd4be036b3a7e9be25820d435016fe65c225bc2d677375be4233809114007193e61238076704d43d80fb8b53b99f50d35259273a598421d9e440e628fab83f3e329d40c9001418241278cf15dac505cea2668af6dc004ceb233db98c46339924c70807f181804fc88ee78dcd5ef671e1e9d9f53bab4bdb6843d9c4a703ce524993603d5339c1754001df27391c15ceab05f6b7716e6559ae2dc478445777966f59e49783377e731c29ca26f28049643aae8da7abdb4e63b5b6b825119e584802341bfcbf2c072047d7caea724b82ee64185e18f1469dadeaf7779611f9d6925a04fb74f62f2dddda6f381103fbb44ca1e5cf9299c664932e3aef1125edfe89728a23023844c5e59b0004e8448e4048f8fbe48079fde1394ae1749d3628b5bbb9d2e6f757d45218fc84b7ba9210508010f97e4798139c0b8b974e0e218c8397803e9df06cd17d9248d462d228c8324cdb381feb24df8e00ee48773918ebc792fc6ef82fa1ddc903cc8f77697ac1e66daff69b91161c044ff96710039ec800400b92e3574af163c3711c165891ed99de77790471a244e3cc25d3e4408e4038fe3223197de52bf8e7e2141ab7980476d27ca64b837927d9ad6dedc3f1238c17281cfdc209dfd03c9feaec0f853e34e8326b72beab01b78f4769dfecb15b070029f9cbc9203c04de9f20c939cc863c8cfcf5a8686239a5b79ae1048b8793cd8724679c8503ae307033f7f1cf35f76f8db474f130b9b7307dbe0b98524585a2f24152e4f9a6dddf304481de58e291cbcb2179a623cb00f89f8e3e0e4de1bf0d4f777ba4cda06993349716f7cfa8c528708997ce5d0c926c20fdcc1dff0021e0e5a607ccd6da6def98e90a19e1c617c9070391c63239c1e9ef5e8be09f09ebba949230d3b5197cdcc36d6d1cae732b902388819273d90819c1e46335bd63f099eeede22c61d42ce289f6a47398a173bc720ba14932729f2392491b06300fa6782f48934a96cf50bab3905b4b76208ede3b7f2e17409e6bc921c799e62463909b01183ef4c82f783ff676bbd75e2b4913cbb88d66f39258cf1246e77a029b3793b090788c0c9c8c66bd83c19fb3ae9da8c32a6ab2dbbe9021135c5c59c9e5461a2d86402418e014d99c3977470301252fe87f0efc171da26842e6ddeeece5d3cdd496c331a3a238710bf41e56f4791e4c60907d234af6f874ab7b64b912db4705c4859da580848448398c2463ee46992401ce3797392499b96794d87c297bafecfd22dad9344b28de191a4b7b7d896e01f9110670f287e5232480e4bb92e493e85a0781adfc3d6baac9e52c56f2dd3f950c32f2107c87321c1dee9b0641e234c6465c9b936a7a7d959391731497e8c0fef654408589c6f049f9df638de4e76248470335c8ddeb5fdb5a8c9ac697a9a5c206b5b5b54f2f9789c073bf8cc4241893bb94119738c475280f50b0d4ade678cce4456f12bc60e3661038e4f1d0764ec47a838ed3c35aa5b32068c8827825752f9037cbce6203b81b00edf708ec6bc7fc2fac25ca58388e396721e6b8b72d906389d06c0390885e58c771801324e49d2d3fe2226a5a14bb2d84ab18b8f2af9400f8321707183feb1d1e2e79cc67bf1544b3b083c4373abe9515b35a09e4b9125c4d0c52e42379f97831dcf2083ecf5817775fdab35b5dc7217175097865c940004188e4c77298dfe8066a3bed7ae6d2e3ed6b3c92c924b30895c623911de49784ceefbe891f1cfce847a5675fea56bab41f6882448ee209e29258adf8d80147008cf2513cb39190f9e72870028e27c61e18b6babebd7b2792d1259761b057188fcb0363a7743e5841ff00001d92b8dbef85126b09e7c135e5b5dc36e124486dc48f80302444cfce1132241f7cc6e98ce083eadaccd05cdd3797e4c9b267921921937b98b2523cf7c6ce3073f3a483b64e3dd791a34d6178604d80f9d0b8f3dcc72e7041f2c6e03804907299033c8a803c075efd98f46d41eda49b57b3b0b612279d71103125bb1181282318c0283ccca3b8d8920381257987883f62dbbd69258a73a3c12a45e7c57b36ff00f4bb7909413798885783801c70719c03bc0fb66e2d65f1569c3500a2592591ede5789038284f314a982aff0039ea06390709990547e06f0f697a6ea9e5dae956cb7397f296cf3b11cf1262221d63240fde3a60119c872010d303f247c7ff00b3af887e1f5d4f6f7fa15c24514cf035c957d9b8738f30663e060904823238e4571f6de122d7d86b6e148fddc23cd71d3820fb9e7d3d0d7ed57c4ff827a678b34701ad523b70abfe951c84e3b4716c22412478380240718401f0360f8c7e25fc0ab3b0d62703426b497cd319917e72f194cbf94237d8e4a65c46106fd8401bd0a55dc9b1e01f0a3c07a7ea97623b8824b8733948ed2ca316c2e36f6d8482ef8cfc87033d0e48afb0fc3fa4e97e12d2aca5bcf0df9b6d0cbbeddf585d9321cfc9990828fb0f51e5e50e37e38af00d27c1379a3ea176fa5209f4cb97492396df4c90417237e018df9cbffb120e482320f5f60f0cead2e9102dbbcf79a75b5d9f2c5b34246f9b1922090e12720039b79d1494cece7e4a4ca3d1e3d6ecac2db53b4b2324564144f0d9bce617b459483194049223727efc65a1279c464890f2b7537db2f5247d463b9f325dcaf7b602da7b47c61e48e6ca1f91f8285f8279ea2b9ed521bcd275482ce26b5b9b886ee44b3db88b619139b7114e429ce77f41c11877201ab7a7dac4e6e3fb5208ef6ce6905d5e59b6667d806c908de4bc670402f1e082e848f91c100f4cd377be956725d6a85a5b8f9212d06cc0e4ef130fde638e71871cf70f5d3696d7715b491dc4f897760145703fe06482993dc8403e9d0717e19f06b5ace2dacaeae52df6a4c4dcc71dc99111f78792391c94943e3f7880f3bc1041cbfab786f4c8e49e08e230c8212136a411a26e43f708418faa6ce01edc5401d4689a7be9d67f6b2d2d9bc36f1cd2a5e5b8de093918c211870323206367507a7ce5fb5f7c428a7d0af3409a4f21ef1b7dbde42a5525b84245c5b974c8dee30851f01c469c8718afa4fc51adc1a42c31816ea914463867b68a41e54b90e6305cf29805c8c87d81dd011d3f3fbf694d563d5fe21dc5ddb4e64172dfbc8c4f11314918203ec0012244209279df9de017156b703cb037989e9c724543229673f3e33d71532e7602ce723ae45432b065e7926b520613871c823bfb52636bb81c83fafa53382f95ebe99a902ec54dd81dcf1d68022dc1571ce38269ff007f123023271d7b7a539be6e57036b67a54110db201b884ce7af19f4a007050d27cd918c8fa52842ea41c63e9c50ff303bba678dbcd287fdd8e8327f2a001d873b5c9007dd5a8d640c33e62d3c3ed6c8c93cfb35442e36123687e7ae280265638270d8c7dd07ad2293b49dc718a40bf2b039e315230e09603af6e9fad00313b3727b72314a13f7c40eb8e7b1a101f3896738c70981c62a4561e6807e6c7f77a500489f3afcc3601d79a9910724fa73eb51041b838c119fe2352aa0dbc0eff0098a006a7cbc8ce0fb54dc6c383c7a5355b6aa67eefb539555867d2800de39c676fe556bc21e2b93c21e2ad3eef7af94b2149a31793428f19c6fde901124838190481c60be0d5362f8f7e72dd2b1ef2110c7bdb25ca91d36003b009ebcf19c9f5a00fd06b0f1569ff0011fc257379a5eae6dad238e3795ed5d1e48949c8908ce10fc9942e48079e5c0ac0d1af8bb874b49c5a5c08eded2d0ccf1ec00b8f38c922492e65d921dfb06f779640876213f2d7c1ff008c8fe14b6b4f0fcaf76439d9651bccee96919231fb9c81ce5c90e50b93cba0f91feb2b4d2de3f0d4773246350b701de3d3edae1e412cc46c44f31306490e11e597802348e1842460efcad62ce984297f0c12dbdbaea372c0bdac31b18a3b8c1f2ccb1924ba5be7efce7f7ae9f20c6707cf3c6d1c7e199e3d1a4921d42f75394482da381ededae2ea407ca8a38a225e32e43bbb921d22473be5774cf4ba4e8ffdb967a75a7d9eeee0031c97a368df77e51f293091607961dc4114480043efe61195aacfbb50d7f5f678e17b3fb5416f7333123cdd81eea432273b0471a095d392008908120a00e5f45f198b59afecaea7045a88e4695408fed2f123a07881c08ede0c3f971e425bc41c97f35ddd34d2d1fc4f7d125a0365a45acd1cf24f93e75c481321d233803119037c83f749c246326bc9776a761e277d12cf4f9bfb42f6e16de6b0d424f2c3df98c1cdc420fcf1db877090747712799c8415be9aa9d6f4ad6ede392fef743b092348d6168d27b847e803bfca0ca4cae092408e39657de00f3003d9745d3b4a5d2af2de28a0b9fb4ca8e3ecf38f32f672e008d257de5f07adc3f1f7c460e335cb78e7428fc696d65a7cb697571aa4d7ff00626d4ad4c491a4bcf996d6b090e6744c8277e647936191d08c093c2331d3b52bdb7d4afd24b8b29dec214b49248e3bc91234797cb38f392ce0051249ce1e6230303095eaf77a29d4b41d52ff004ed3a38d34db56b798c72c566905b0c8f2048302dadc02ef22478247c99e647a00f8cc783f7ea57f71fdbd772024967b38e78aea28bf7805b8e3049182e1222872008df24a6e7c10f0acf7d737f6f758bbd2a2dc246bc892da381c805e19e2951cc79718cc1e61ea4469bc6c77c5dd42d13c5f15fb4516a3656d65d6e627b592e20f2ce5238b874b6d98091800904ef083a7a57ecd2faa5f9b8d2e0b8885e4a2486ce5bc6d8f651f23fd4e702339c19671bdf6108809241703da3c213595858d9d947a5fdac0845a456f6b700248bbfcc7f34be488f00393e612510e3e41beb7bc5de24fec4f04de6b56f2451c0f11baf31704c90f2fe6a27f0238cbf3db3bce2b86d7f44d2342d66fee2e25bdbdd3e6244978b208a39223c04c91cc40f3b106c2e1093214441e8fe2ad1e0d4fc13f6396ddf4c8e2b1548edd8ecf2d421447280f40013b1c9722319c904000f8b6efe3f7842d6e357d335e9664d21a3df3bddc8e11d097067c0c1f9e2731a01be5fdee78072394d2ff006a3d3aef5ebcd4f52bc31e9d773c8f67656cb2451a4b2f05e474e4ec8d04591ce0b88f1c14f3ff00da03e150f0af827c416b22acf77693aea56f3b46fb520320494c69fc07791bb792704071bdd3678178875796c24177a26f4d0ae23022fb4c0242eea8049bc95ecd9d9e800ef934ec07db03f692b49f5a9c59bbe9fa418cc6933dbe6711ab978fcc41f360c8eff738de4fdcd91e31f5bfdaa8e956ebacddda5bbddf969f688de3f2e38eef60701ca1c9085dc8888e0127cc2f5e45f08fe2c786fc456d71a6eaf12693a9b412219a399e08ee0308f7cbb90e5241b06f18c4889d0720e47c4bf06bf86efad84d76f2c7e69b55811fca920daf97709ff3cca6c44249e5e41d128b01ef767fb70697acc569a7c5a5ea17b04371779682fa34ba2af8904a88f900891124719c031a6c38cd7acdc7ed2da3dff88e2b7b3b6bf5b39648a682ea4b74df1c7d648f21fccfb936c8dc64e500407cc709f9e7f0ae2b0b4d76cdafe3578e3cdc4886630bb29e7609021224c0e0f41cfa9aec7c67f1ca0f0b25d691e1b8a298c4c3cbba4b891c46a321382108280e31d8807a8cd16251f69c3f1df46b5d4ade2bcd72317f736be5adf4c3103cb2c7f3c8481ca79a81f3c03cc83826bd587c56d1357f8631eaff006b411feea68de1884bb3ce47c877424c69e6c4e03b8099c8cbe7657e5359fc4ef13f8f7548ed2e22b7922dde74f7167671c4f047fc6f9403620277fb1fcabe81f837617de0df01f885ef15ee353d6fc476f68201986348ac0737092a1001791e48c13d7a8e49cae50b9fa1bf0aefc268924ef21595181497e4731feec3a21fdd8de3639194fdde08238c62b788eee37d6242b1c8098f31dbc32bc8e41e0ec0080e39e9cbf4e0e52b37e1a7877fb034448e4923bf8e48639239b06179509fdd9f2b0026491f730392fc104bd6d61e37bfbc822dd285f9de748bedb008c12332807704f7e08c641e0e60a3d1f46f155bde6892ce250f1c8182cbc1182838418023724608231f260f1835e51e3cd06cbc477d1c57d6e96e7e7fb3cf6bb249138c941e63fc849ce3efc6e0e08c818e834a9cec788bfdf519645d81fd323ab8e4107246082392739fe20d56dacb4a4b9bf11456d7134719f3a3322798e4f05c0380719dfb0e3ba1e6803e7cbcf0cc5a36bd7f76a165b897126cb3f34031990fef63f2c8cbf00ef703241126c9402f5bc55772473cf7fa6dcda4f732d9f972d9ac68ff006b0a43891edb98ee248d0824e10e03e361704fb5f896793c27e1f8e4b9904e910964556325bcd283cba23c726476e5091f20c803247cd9f106f6e34abf2faa4735ddbc7711cf70f711c8619d083e5bcae466348f784f3c624006c2e4e0bb4047e21f19ff006a43148f7af61790c4bf6ab6b79e5f2e384824142fbc3daf574208c17c9182e6ba7f06dcdc6a50db8fb6ea5617fa57926e9265de2dc94fddb98de37f321910be38c0f9e270512294798e990dc6a12e9d67a65e5ec662964861b059c39f33cb3822444da1c8c272364838c820a57adfc3ad2a5f0f683a5ea62394fee8bc1e4cc9188c370602e8ee24447cf05e292327072505501ed3e1e9b4ed334b581e28e24855de18a1bb8af2dadf713f2472c9878d32481e6011f2133d2bb4f0ad8be837a7558a38a71b465126fb3c918c1044887e78df041192fb304a3c60115cfe99a4ff00685c69fa9cfa7ccef181b6f6047966b727b87298963fe023923f8e3719037f5ad4adac2083c8b88204e2112090428f29728899ce103e100c9032473d0080387f8bbe317d2347927b89dd2f35286e2d219a4f2e39fc91048f8931f2928718395c12ef1ba7087e06d43529355f105fde4b3c57325c79532b22f96817cb088501e506c006ce990e3a118f58f8cdf16b4fd6f52d57448a3b9bc11022dd6e83f99034770f1e4a0c147044a921070fe623844d837f8ed9bc4ed1390412a70fdf93c93db9c027eb9f5ad62896680276f3cf1ceeeb5017dcc800f9854d2019f986466abbb16e80601e95620693e7c74fa8a5cf5ee0fb74a8d98b75e08ebcd398659f6f03fbd400dde1170a4804f258d48adbfa6141e9f5a4428839e5871bb148ce401bc81c7f0f6a00919470e00e3be29acc8e491f31cf2df850c5c6f40391d0a9e949bb6b724ee271f3500192ad90318f6a4c2ff0818a9146e6dc38038dadcd56958173b4af1c1e4f5a00965de8e0a9edfc5eb4e89cb31248049fad47131dc771c0eff8d49180182f4feb400fd8769c73fc3eb52a80d102304e48a8a35ddce49e7d6a42e7693938e9b7b5002aa074d87e5e3e953ec2ac3baf39cf5a8954862d9ce471b8548b85dbc9ff001a00767e5c8c601fe2a7f076f2318fe134df917007534e6e540c50031e4d8b9dc13d19ba0ff1fa564dc0fb410a03801b021e8793d49eb9e79f4faf15ab2e5826d721f7606d1f31f61e87dfb7354f98a00103bc6171944c9c7fb03dfa0f5edc64d0073d722df4e9b7b1432994c9088739c83c3e7ae7b7b64f53d3e86fd9fbf6a0b9768fc35e20bbb5fb390c915da47e4b4484be427963191bcfce70110484ef2057cd7adb79877b797b0310220cfb01039191d40ee47a9ac297529f4c9632243349b9095704825318ce0f418076671eb49ab81fa97aad9cb2d9eae34db7f2ed6ea41033420446085224f24007944fde4a7b140e78039ae16eb5e0baadbdb5bc117dba18d61b18272890bc16ee6e4caffdc8c4a9e69ce3296c108c8c57cf7f007f692d2f46d52c74af101b8105fcd1c33dff0098659247971bcb827382e91e25724801fe425dc8fa0d6ff4bd5b51bdb86b88ef74481edb55135baec1791ac26416ee3974f32443d703cb78fa8719c9ab16701e20d16f2cb4eb737d792c335f5934f6cf7d214ba10c313cf2008e0b24b3de4d6b991f243e38de081452693c372cf70b762ea0b68efefb4f850a2259ec9228cdec91e72e9e5db08e188e5ca221381d7535ab7d47fe12481f5db4b6b9d52ea69b4e6d4ad810fbbcb8e22503e780914890e704cd3bcae4015766f02457f2dc5e5dfd9aef47bacdc451dc7ee8ddc56aff00687777c13f66cc91c924affc0208c02e446180ba17892dfc2d610d9de08eddf4cb38fedcce4185249a48ee2e048fff002d24323c6093f3feee573b3e409ee7f09f5a93557b8b2d4623f67ba864b83625bf782258d38d8400643e6472cb9ff562489301c941f3b787846f6f69677ef1937599a7bd96248deeeef60065922906c096f13bf97139d81e743264c8e07a2f81bc792daebb7f35b5b1b63f6708aaff00e90f1594292bbbc60fcd23c973322267991c991c0777f28038af8f965ff09078923b261736165a541e7ccba698c5f4f2824f971cd27ca96f1021e6bab82231348fb04926c031fe1bfc468bc3086cdbced4ee2da08bcb8ae0bc56515c1724f970f0ce0478065948f35c48e51f212bd13e2c7c28b3f146a326a715929d62ede379e14b87ba85e68c08d1303e526038457d87e73214c1cecf917c5ba6c9e00bf92d2ca7bcb48f4cccd772dbde383192f8f9dc83e5744f2f39720a67cbdfb0080fba9bc7f6fae6ab3a4f38b4f10fd9dafe685a4df098c7c83e7c891360429c7969fbb720ec2f8e9be0cf8864bed2ade2ba9669ef6d4899a6bc02306e9f11848d0100637e02003cb8d137e3210fc1df0afe2e59c3a9db6977b6c2dedd02207fb4194262449f6796f9cc844210191fcb4f3379c04d95f4ff0083bc529670dbf8821b7846a96be5c908842491c6a02177891cf52f2c98327dcf303e0cb392e6c06efed0bf03636d26f6f16433db11733428803a79184df1841d008d3660004a19384e4bfc1be33f837a9786afa69bc292c512b0ff0049f0fde4a764449f9d2177c09132987076918c65c0247e99f863e208bdd1ace0d4e1f28df4b3422c3cb10a4112b94729fc48e657d84e7a44f21248ae4fe21689e1b990bc66783ca9927cc3b364733148c46049c1d890cf29c9c08e2193f39a2e07e4a7897c03e25d22f2f2f2e7c357fa54692f31ada482188905c20739e303382738a6cfe26d4b5d8d85ddc09a4108fdf49c9700e7f424fb76ef5f7a7c4e6f0df89eda3d326bab9d2e2b497cfdd201e787201b481f279cc4893c8ee9b3cc9c07e0462be25f15f8264b0d56ee2d3eeadeead52e316af0c84c0e186f0f139ec4738238c1079ab4ee071e2f1fc812c6226032bce463f0ec3bfd7e95e81f0a7e0878bfe2c6a65b44d121d4e2926910cb797915bc0760df27ef1dc7200ebd3f1c0ae67c3de0ebdf11d8173a85ba5bac5e66c326e9304e49d9f5cfeb5f4e7c1ed622b0bcd3f43d1b4e5b2d3eee26b58cf9e4dd4513ca84e49c87037bf3809f3b9e4a200d90755e09fd957c45a0edb3f12f887c3de16d267448e4d2bc240dd5f5dc6257041b97040119495ddc3929e59c0040af62f849f0dee22f10d85dcda20b2b9b0d9651d8cac2486de3077e23c9fb841ce5f224e4925e4c26ff0087a7d41decdee819fca16ee6f36c84d94ed1c914b83cefc4c98e7ba1eaee01f41d1b4cb4d02dc5d9bbf22eeea46b92ff00f1f16b6f126c4903a211fe8f2728efcf96497c26404c6e59e88eb6de1ed223b7b48e2b2758f84888e393b08038c0e9f3807a8c57845cf8b74f4f10dc68fe45a2988986196da516f731c80a07f224036611de2df89091e68c8182e75be367c509fc1de1e88422eedae6f64f2ecd3cd8dee4c51a032ba3905677cba7c87648e84b8e5327e60f00fc45d3b4dd42de59a25834ab936e62b69c7c8668c0493cf44e23cc69e5bf07fbe40d871407d53a46b179a7e85a7c1a97d9aca598ca3ed091fc9707e72f204038936149fcbc0382f91f210325fc542eee60366e5efeea18a786379481726489cbc6072654cc58e01785ca11f214cf945b78d847a35d94bcbcb8d46490dc0b3bf9fcbd4239e28f7a4de711990c6766f277c91b80ff003890e72f51f8cfa5ead760d9d959472f9f1cc6c2627cbb495644923950a1010671038187404919063d93603b7f1878ecc36f75a569371fd996d7d009a0bbb393cc169217fdddc4c09da2d5c98ff7bb32125e1302bc0757f88376874e8a3b3feccfb2366086daeb0629497cc71be701094c18cf31907046799ca3ebd7f1697a55e3db4b646e5e0f344893c733e07d8e5977e36381272784906384938c3b7d365bebf912cc4da8c91c2269043081018101f2f2808d851c14c92a08212428464d01eb3f08ec62d6b5597fb0e3b4d41ed95dc432b9322671bc62029e670727cb45cecc9f2cf15ecba6dc0fb5c4e6c8c73cb2f96bb2f0cd0dc743982573947ee049bd1f3ce3391c0fc2ad1ccfa13bdce976767611ac47ecf711c6e9110f2491fef0046f9243fc688e989067a257a21beb6b3692495c49a301e6020f96f2603c860e413e68c48014cf29dd1e40403bcb3d44db699388b6c5fbc237f9ae232e338421f2f01187c8edd06462be54fda8be32c1a6ea73e890dc822380c72259b63cf8651d0be482f1c80bf194fdd91fc79ae8be397c78b4f01e8173f62d41c6b3750490288a51b2dedd423e6224128fb08289264c520de8ee80e7e03d5fc67278a7589ef25017e662a204d9c64b9c0fe039f9f1d3248e98a12259dacdac7f6bde493ae3cb3878d0b0013e4404a67a0ca671db3d31cd6b5becdf957389e3de37827e6ee3d475cf3cf5f4e786d1ef0a123fd638613055380460640f4201cfe3cf7aecf48985d908d80a41da3be4771e9fd0f1d2b511b849891141e7181bbfae29146dc8c027fbdda9b16f48c21c719038c0ff00eb7d2873f307c038fe1a00305f8ce327f214846edc41c83c526fc71d7039f7a9030641c8cfdea006bffaac7be0b2d261429762339fbdd69558f53d8f5cd30fcc401920d003b6fca4f4f97f13f850ddb7264ff3a8d1f6b1e9c7f11a7b92bced1923f2a005e51f1b392396a5f97737eec75f7a6e486dedca9fd29db197808d8fad003597393ce7270b9ebcd2bb80fec3fbd518232d93d473ebf952ee127c87fbdef401622ddb7241e3f8877a577dcdf26461b25697632e3760e7aee34d57f9325094278cd004c767cd97ea40e4d491afcc38c60f1c7ad438da3071c36335322b2a8c0c718dad4012ff007873e83d28ebfecffbd498f94739c8fbd4a17e520e73fed500232895482328e3eeb5577608242846fecc7b9fef9f7ebf95597f7ec2b2350b946b8e5c225abef91cf091f1c927b9f41fe3401cfeb10a58cd26d89a289f090c2e4271c1cfae3bfae7009ed5c86a485e1c1dff007881ba3039ea47d4e4fd3815d9eaf7714d2cf71326c312846e40707a9c9ef8c81f5fa71c26a32ddead7a6dacade5b99a3c3b316d91c7c672e7a20039c1c631ef401957370966e656904618b3ee240de31f73a739e73c739f7aefbe18fed17e24f8737304697f2ff63c92289a197e69060a00e17afc9b11f66704a20270001e79a8da5bdb96115c26a379bb9bc5244487d22ee7fdfc63d33d6b2bec1244f2bb49192807df3920e7d3fa9a00fb83c37e3cd0fc71a94dabe99ac44d6856e34eb1d2b506c016810e669e147cc87cb494e32388d0726515e8be1ef1947aa9b4f36eef7ec8ed08fb498d12e6ed5259040822e88ff68c8860ff00568fbee240ef1e07e744d1491c250bb472053874079c8ebebdf3fd057a97c2efda0e7d13c5b6f2eb6f3c96c5dd038b87de8590a643927675197c67ab75ce66c59f54cf72da3db69126a052eed0b34865dc66823488992e8827e79638e498c1127266713993efe539c93c5faa5b6a26fe7948b89a082c3ecf7237c696aa1e52659237cc4e6590c9214c926490e50101e68bc7fe16baf03469a4eab6fabdd8b3b2d3a028db2392ea48e444d85c031223997a90764721c66515cddc689a7e8d6771656f7715ddcea51c93c8e90a6248e38f3f68739f93f7a62f938c897001f2ea00f4c87e34de69b60f3f8774e30585a8ccb36a40469704a0408228b9de001900921072f10212bc6fc6baa35f78312d350bdba8edcdf3652d23491ee5b6113ba1c800798f24718024e7cccb8d983a579a5deea935ca0598416ab1cfe4348e90cb7323978edca71c1924c11d008df38d84899b4b8ae3499254d4e2d4208228ad60bcda088c8c6c4192098c873247d3036123d403e6bd7ef753b937afe66f7b66ff00489de4f318798f9d99cf2f819246781d78c57bbfecd9fb499f87ba9466f6e6382d9fec893c4b6a04d2792e4820924177f30e07007fac2311203c17c4af0a8b1d4ee2e23b4169a5856f2914e44612400bc9e80b911a39c742833824f95eaf631da6a45300472118790ec041ebfee771edea4d5107e97e83f137c27e2db48357d17c47616f7f656245c35cf9a0410e679c92f8394d91b9087aa142f82f181dbe8ff137c19e24d2f43d192537b66238aee4b47b5097728091f9165b24c6c927796219e481d482f94fc90b3f15ea3a1f96b6f70638e398cfe4a3103248ee3afdc4faec1d855eff00859fad25c5adec574e2f20cfeff24bef911d1c839e090c791fe34ec07ddbf133e1b695e187f11c1ae6a96173a88d3901bcb1b812bcb72d17da48ce76e24952573c6f907943291ca057cc1f146c2c3c2fa96a8edacc57ef667c98225293e776fcc8f8000380323b79883deb83d4be296a1add8cb05c18a0b36779a5b7b64f964ce060e7903a75e3e419cd71da8eb37baa9ccd33ca5f20b31fbc30383ea7a63f0a49167a37c33d2e7d6c5bc618dbbe9e65ba89d0732ca30628cf4c9725101ec093d0107e9ef84df0df5bd06fe0f3ee6d2df4e4bc8cfda6689261249e5f9a25d83a465010e7f8c4bd1d2be20f0d78a755f0e6a29796370e2e13238f9f39041e3d482467d0d7d0561fb5f6baf65e5dcc52d9ddcb20925f277f905bcb953cc00729f2340800e088097c97cd264731f6d586ab268d15b79fac5c4e65bb4995fcf17ce2108f1c8026364a850c47612398e0e8ee86b2fc61f196cb4732bdc3d85a40b75e6192d252ce6773e59b981c3a1c27df70794280c8024833f156a5fb506b17915b8b4bc84496a43c1f6723eef3b23d85109c72093d50ec394ae36efc7fa9f8bb559092b1e9d2cbfbe11c9e5c3877f9c13820719025237e026f27666958773d8fc7df15353f881ad188c73dc3a81766c1b037b9703a670104b24863272f1a4e23191b00d7f08783f51d1b4a172205b9b312c683713e5cb207c92647e62c870e1c921320e4877cf01f0f34477d7ade36d422978f2d6da65089290e331c990018b6641cf038cf623e8d9fc79a1da78793c3f04725bc617636fdfe7c12b623920f28e0f2711f2f90fb3194c11451e0d7b7dac5c78aae21b3d5e6274f2925a59cf1124e1c747d84c4e0838272301c6f1d0cba0f86ee61d7bc9b6964b39f0d0887cd211f7021e270474024d9204ca01b0f00103d5ac34af085cdaddd85d9b7fedc36a26876fefa196588a214e30db0c7c9c1e7cbe06701f4b42f875abb6b124129bd964b6944700b78cca96d6ae7794f25089237c972240082ff00c1978495727a9c85d585e79360fe4c9656886102d5577c0f66c4e239264cba4887e4f3027eef2413e5e00f42f86be1b9fc4b347ae58dc1d32e60bd8afee9ef17cc02ee3fddcfb12323cc8e488bbc9ca4836488fe679837f5707846c2233d81bab68ce96d15d9b58637b5b981b1b05ca481f66c7749013c26607e23def1bf9afc4df8bfa7f8322d4ec2cadacb4bb4f3649a4b349082662fc18b9fdd0c98e404e508d9d763e11477de2ef1a3f804590b7b231461ae2382d6e26137d9e21200f6d2ff007ca3a148c9e24b79207ce7783e39e3ff008ed6fa0c2d691451de584445d436efa86567b2720cb1119f350488e92610ef86e2072066bc2fc73fb415eeb02e23b780dbb389a3495ae0cc628c9e00273e66c2308f9ff57807a035e6971adbea5752ceee125986f9827c9182063818e847240a69137373c59adeabe3ed7afb53799ccb7136ff0026664591db184e46379da1727a1393c74ae774d8bc99a388bb4450912066e460e78f7e831ffd7abba6c704d0c8801f2e400eedbc8e7a63b67d4f6cfa8ae922b7b2f10a245a888edef630047799043e00e1c771f5e79e78ad0452b299cc91c913c6240a7a938719ee3b0ea3bfb915dcf85e74b959627e271f382461f01f1d7d8e41079e2b83bcd26efc2d77e4df80124e239c8fddc83073cf3903d3d0fe35d0e87a8e5e390ee0f1e01f98653d093f4c0cfa119c819a00eed0eef9c719fe2fe54bcefc019f5ddc62a1b39c4ea08e1e48c10c063273c81e98ee3b559720a1381c64fcc68022c650018cf4a68ce7e540e072031c53cb7cfd32ff00dee948ac7b8ce7d2801a8ccebbc0c67d0d39b7bba0e8339eb8a51f3607a8ea293e56623818e050035947cdb4f27039eb4f037633f8fd29370dc1c8c93c6ea68c2ecf90b67a7f85003a3e06c2003df68a4f34afdd5e0f34a54b49db3da9723f889cfd680215396ce3e4fe552a37cbc8c7eb43636a47f3918fbb42ca181db20257ab30a0076eddd80c03dba548cac62c83d0f3b7bd469df3c640fcbd734ec6c7676e87f8714013267621ce73c8a997e5ced04ff4a81264c00b839f4c548a779c67273eb4013ae485f94707f879a503776c1ce69031dc0e703347bf27fc2800de541c104e7bd721aeea569a5c31c53197ccf3498910e64273c93eae4f4f415d5cb248c8e63f2c753e63825063be0726b94be86db4b2f711ce27bfdc41b9923477427b00784ebdb93fc80395d6d5e08bcdd649b08a425d74bb63fbf933d039fe01fad613dd36a11223c42cec0b621d36dbfd487f5727fd61f739ce7dab6351b34123932ef94a9f326760ee5c004fe3cf41c0ace4b7d84187cc8e4da538501fd00fa638fd680208a348dc19c479e10339ce3f4e7ad53781fcd22dff007849cc69b87a63b77e3f5eb5a6a8125de230006c6f76ebd3903b73eb4af0aa1741f3be083b79def8e7183f50074a00c1be4f2bf782328c011b0b6482073f4c9c9fa77354ed6c2410413a85f32426552dd0f38f4eb573535f2a0f32260e4f03e6c8e728075f7fd2b7a6b31690d9a2993e58fcb0141cf5c63f3fd47d68039cb49af3449cdc6993b45202595be523820e79cf71fa0f7aed741f8a82de62f7ef280d184965248927c02482e3a932e0e4f381f4c723bcbb95c1119d9b51948072074fcf3f88acdb89a4961c64fc8013dfd7fa1c52b01f52689f14edf5db290258237fa3880ee250ce548fb517e40dee6594fbf9a10700d2de78ad358d4bcd91e49e58625cf930a0f2da44dfb3feb92799b093800c9927a0af9592eaeac849e5caca85190c7d300f5183d2bd63c15e368352d112c9ec2ddd8f374cf27322f0836275739d800edf8f0ac3b9ea5adf85aedecf4fb9676325ee6ea2cc81e3884788b089ff003d3209006778223400e71e2fe2ab37b89de591ee898ff76131bf63970792380763f419ec3a935ef5751c788adde436f762448638a5b806788608f2ddc006388138771c9c4b82801dfc6eb3a4581885d59c0ae215d92cad2caf1db491b98c47bc80a6438f34f979c17441800e6514781dd413196ec32195219623bcb1dc8ab9071ed81cfa6056c6b9f0b3c5167a56ade203a1de3e8367a80d3e7d4d22f3208ee1c091222e33872841fc6baff0b7843fb4fc49aee8aa14dfdee8d753da44c50bc72c03cd28e73d4c425c84c924e304e6be85fd963e3c787f43d0aebc17f1034f8eff00e1978c34e687562ff20b7bc0208cdc391fdc31c0778f9e3128939d94fa950578b3e2a834a9e58a69c6dda8e110b7df909fee7ae00ad8d2bc1d2f885f311059872ec4463033d33d78424f60057b2f8e7f661d67c0ff0016bc49a559db5d6b7e1fd05ad243a92425a378eef61b48a5f2c108f2eff2f23827904022bbcbef8552f86bfb66d2fac358d2e7d1adcc3a8a49e1fb906c96e124f2cc842111e52e1c26719e3d3358d49b5b1e8e1a853abbc92f568f9a7fe105b9b6d2e3d4249e26c13ba084666080f2fe9b063afd0f422b0eeafaf6c9d556f261191b07ef37e78e83f4fa57d8de23f85bacf866db5b49fc37afe98743b78eff0052dba6006cade4de239a5c487f76e21704a0206c1c0e0d739f0c7e15784edbf67ef8cbe21f15c16d79afcde1e8aef476914482c8c93249191e93481a32403948e44cfdf700a6dcb744e2e8d1a6928b4ff13c2bc37e329edf41bdb9be8b42d6a55b88a11a4eb1a7c72bc88de6167474d9220047251c1e45743e12f11f86269249a2f09dce99abdac66eb365a8fda2d194637a496f71f3ec3820ec941c1e39c5753e28f87bff0008c7eca9f0e247d3e26d67c61e24bbd511f6a7da7ec70c2238d067e7d872f27be477c5607c2ff0a4f71a8431cef6d67e7132476d798c3b6388c871f7fe41c1237938c971b0eb63c9708f43d3fc376167a56831dceaf6e3c890e264be8a7b5872379d89738961df1820072f1118dc46791dc2699e1fd7952faeeee7b2d2ee0ec6d46f258ee239418dfe492e2232c65f807f79e5938ca1241af45f84b63a80b7b39ee2d4dbeb2f6f22456d732f9335db47e604b5988e4b94493caf307ef0078f91162b2bc5afe0c25f5787c3da54b6f25a248358d3ad64d3277277c727da0c05244913e40631c3a3fa8cbe6ee4da6b67f79cbd80d3ff00e120d3a5d5c1fec76b4b9b7bcbb9ac06a56b736d224648df039de2090c6f942b2004e3e7414cf197ed033f83f4cb7f0d697ae5d5edb5ad9aff0066ea11338ba9218cbfeea5c20dff00ba7318de328604de01c1af15f1dfc56b6d3353974ad3a3bed56c151a1babdbc68a1be8b04008268107980600227f353ee631dbce3c78f77a85925f5a6b82fac2d93cb91161105c5b0d83624b1a6415c9d8240e43671c74ab5e63553a33b1f885fb486b5e2cbe56bdb836b2ec6f35ec24c3a9709bfcb2005d8e533b32467bfaf906a3ae5e6a50a7daaf64ff0057e5e371c10707047ea6b3a688dac2137658c61c3670493e9cfd29e8e52107784c1c85dc47503dfebc56962c86648e48d3cb8b18c8237739c8ab1a62863b1d37e4e36b7ae7a0fcbf5a9154efc807e63e5fcd260fce7b0f43934890ba5f473bcaff00bc524b3e72194e0e7dfbfe34c0ddd3711c2e54fceca41c9e49c0ce7278e31c74e075ce06e436e81ee028e04a5d2355f5e98e7b719fc0573da6a0496339c6c9011e84e70463bf6fc4d6ec1e6437d1ed1fbbcf3f364100e0751f9fe7d2803a7d375612d84765a9451de69ce0619f3844f5cfb1e33c106b0efb4197419cdee952c973660e1b0424d6ff00effe7c3e31eb8efa36370239a0799c2246ff0030cf081f03f3cff9e2ba68277b6bcb844c23993e7571ce071c7b707db0680296877ffdb16d14ae6349dd90b3c5f2027dc763fa73f80df384032381f8715cfa69112486ef4878e07277c96cc7f72fea3fd8ce3b7e5e9af6d38b8888398e45e2447eb19f424707eb400f95cff09ed44ae401b72411dbb629d22eec1c679e56a3d8e7209e4f6a007a303903bff7697a64739a6b7ccdc7fe3bd69791d7d38a0062aed6246303afd29e8470e724f76c5273b32b83e99a53f78a1c9c1a008c60649c607f769fbd7fbaff009531e2ce3763dc67a52317cfff005cd00359871b4f23de9d11df8c8e4755cd1b8ac43b0229990e995ea319e7ad00491ca7e7c9e86a4e11433e067f87b0a8948f306e3cf66cf356461f61619fe9400b0afca01e3f3a9f866cf19fef545bb77007d3352222203bb8072a7b734012a631fdd03bd3d72b9ce29a9f7415f6e334e5e3851d7bfa50012f2b96e471d3bfe55c45fd8cf7d74372480648f9a4d83d07bfa74ebd3d6bb82cecdc9efcf18ac8d5ecc5c36c1f26f6092941ceccf73efebf5a00e412136d1bf979c03ccef97c118e40c7525c9f4fad50bdb07c10cfe50e0157fde381cf04f4e8718fcc9c62ba1922b71e65b468047923708c217e7ae4f1d873e80e3bd606b1295b9823290c47cd8dd86e38c100e7fafb9a00a2d26ebc80b200818398b3864fbe3fb980783cf51919acd96efcc796360e090fb57713990804f6f7c0fd7b522f98f0c91b891cae238d8487770e739ee73cf355e653339b96dfb0ee937f033803b761cfe5401169e1ef3563f74c76b209ba820907009e39e7f4fd35b5e632bdc461f9794a10a73dfa67f1ebce2a6d02c058e862f1e19225bb91cee5233b027c8001d481bcfa1cd5392e91e589ca797b4970a991c1724639f40303d0500625d4a13795f903e7ef7047392077e463d3d2aa3db8fe24064c8cf95c60e7ee1f5edf41562fdde299dc27036306527033db19e3bd42cc90cf101991c90fbb1d13df9eb8ebf5a0065d431a437322807f723e6623927b9f7e7fc8a9f48b5bcb49a3b9b0f392650061579279191e9fcf9f5a66a31f9ba5dc39c901906fedc1c62bd03c25e1a82f2194320b648fcbdacace099724e76633d3187e3039e714981d2f83fc6571a947a33de1124b6b3c69f64ddb3ed2fc94e0f002247d71821cfdf2715ebde159ecfc61a549726e25d3ac2506fc5c358a090a6c9024870494431b119c82f2c8e538077fccf7da3cb1a3ca41811e4f99ee58ef738e808e761de37e707a67915e8de09f1fdc4326a73dcde5d472cabe74b6d691a017277c684647fab43b020d98e0e01c67325953c69e0fd57c01e3e4b8d1249a3bcd040b8335903f7763bbb873d8070180ea37f7ea68bac683ae476f671fd8fc3379a9cf089747f115bc971a64ccf90268e6420c489ce31f3805d37b8e0e9fc45f108bdf16eb3792c6ff006b5b89a3b5309d81e4063881c74d91887622740f2647dcadcf05fc10d23c6b35cfdafeddf678a07bab786574ca420fd9c92704172e8fb00c00107a1ca7b6a28c9c5dd0cd1bc37e3db5d2b55b2d1fc5fe1ab6f0cebd3da8bc64f10248c0d9906348a4950c91ec50831c851b15fa015efc340f8cfe285f124d67269da9cbe25fb29d4aeec3c53a61fb40882181e202311c6e123f9ca03bc170e0718f15d33f65ad3751d4762db45671c7690c2d1ba990a5d7d9e27790b6fcec321270327a838041a4d0fe0f4736a3a9e8b737335bddda3d8ea512436d8fb471be4412609c14783cbc7fab139277e398693358d571e8bee47b978b7c03f1a75c83c59fda3e1ed2923f16c36f65abb7f69e9b6d0cb0c21f096e7ccff47050c81ffd61237b82845707e16fd9be1b1d1c3fc47f1fe8361e096b9331d03c39a8c57f7ba94716f7fb39ba4004846cd8420624a20e0ecae3f5df0fdeeb90ea9a7e9b6126b91dfd90f29e66d8f05f0496248a31d818d25400f0721ce09a359fd99af34d9ec52cb531777f61726d2e0b04882189c2492a0e47cf0a094171b08dfc931e68482551be88e3fe3efc4ad73e277c49bdbb86e20d4340b558b4dd14e896ef1d943684ef8e3f2880d193b00fef8922ea4015b5e0ab3d535158ae62823b89f4f605634c6ff31039f2818f3be1b88d0a07009df18ce40abfa37ecddaec91ba4b613de486496d6fa187308089f7253938cdb97495c7478e4474c847c7d17a0fc22b7f0b2c6976db258e4844d736b1985249637c6f0919ca097c947c020c72c4761063064b66676d2ea3a7c3e18fed47796e34f3a709ee350b7ba863992090249f6878c0d987022b812467679b19388bf7a4fc75f197c58d63e30d724d2acd146a3344e6da45f2cd9dd99a3c4801ce51f0e23e8e039573fba19fa07f683f19e8fe00fb65ebfd9e2d46de430bdbc0c37c4d26658a531a1188fed01cc91a728e4c91831dd907e205d74f88fc5367ac5c2b858ee8471d83a9924e77f970a1ea550ed033d49033c0a5b2b99d46f95b449f6076d565494100c2a25694ef77f36648c6471c88d83fa9ce4f5ab3e34d1521f85705d8815644963d88bb0b4424ca738c7539c71c8e4639af41d63e13ea9a3fc3eb2f13dddc6cb83a97d967b6cef7491e3900c9eb90f6de5f638d9c77accf8cf0e9f63f0d3e1b6996aa23d42fa23aa5e21f90a6d92e3caea3a796477ebc9a885d4acce4a29a938bf23c2af6d8438474ca449b5626931d0f43f89e3d2a9ccaeca082c4e4232b67939e84763fd2afdf4f1de4f24b0c7fbb98ef55046e4e738c0efea3eb542621e6f2ce3099dcca0f40787ebd3ebfceba0ec25b68a29a221f11bf081fd7a1e47d326af4d6a2e34fbb45e5ed584ea9b71d700f1f423a7a0f4aa91db94bc8a3ce49ff0058aafc827a77c63ffd55a7a6dca45791074908790472b648c073d324f07b7a7140152c5e31165238e58cf3bb238c0c67d47afd6ba8b641e69b7790400e6161bbe571b33c11c67807fc6b987b07d3b56b9b36120746df1baae78f5e78eff90ae8ac104ec84383c87e8766360c03e98e724f5e2803a6b3b4274f79d49244081b70387cf527249e318fae3a73572def2e008a28a0f32e222462524e7238c9f5f6f6acdd3a2b89ee6789a5de88bfbddf271f31ceff0054fa771dbd64d192437c653018f04e761ca8249d8991db667fce2803a085ce9b6c91e7cd1e708d9b767db8fcc7e5564461e5f3154c6e06c27a83ec7dc565de45fe8523aa173fdcf404f7fd0fe22b56ddbcb4c800ee6cb051d0f73fca801eedb8919041e3ff00d74607271838cf1ed4ae46724007d714e2a158e4f5eb4011ec0cc7d87e749bf92471fef0a424a1e0646701b1d69ce84827f801cf3fd28018afb1867861d94f5a1d762bc609e39f98e4e29865e7af23afd29d90983fed73efda802538ddf749c8a8d9f9ea13da8c82c7031d73ff00eaa8fe6fe288b9f5c0a00473b0328391d377a1a6a7dd31e0f5c95f7a25c2719210f56c679a48d8f025f933f8e7d3f1a0095115dd5f8ca701bb8cd5a453b910838233bb3d2a96edab93b589c677f048ab3190ee139f9412334012aa6f62493bfafd2a54c18c16ce73904d44ac0bef551923f8c53f3c8ceec83c63fad0058f7200079e78a7261949fbc07f78f4a895b279c6e273538dadc1ff00beb140063b678c564eb024b99921f2c496fb732b39083d909f7f6ed5aebcafcddfb3557788f9b94eaf282ecde9eb401cc38f276160279c364a47845c6c1d3d138e9d4f41d2b99d6cc8923ec2d218e53e518f900e3231ebc9ebeddb8aea2ee67b6b7912191d2590efdcf92d18c704f6c90303d2b95d6d5d05cdb47e6452460a185b927b0cf3dbaf14018d767c8187de02ae49404ecc93c7a7afe7cf4a834dd1e4d7afed34f88a46648bcc909933b224e79fa938f7cd3b58b8f37ccf2e0fbc1a48dd71f788e3f0ce7d8e3b56ef825234d1af2fe00f24f34be4c5d7e444e760e3a9c9271ea077a00b1ac4de75c4e82444b7b780431a0c8e7ba21c1000c83eb802b9c99cadc1915899047f7739c043918f6f90763efe95ad7990b2dc0432248dc37c85304e01f7ce39ed591acafd92e3cb12799e4f0af8c6fe4f3efc134018f337df93c819cef3e60e871c0e7d33f91c7a556d891c92919ea50053c6de41c71f4ad1bdf950bec1f2ae17919cf0071d3181939f5ee0567ba79797c279c8db086f404e7fc9ed400c210e8376eaf870137478efbffa735ee1e03b0b7b8b1b813c4f1492c68ff675539c2838c0c1dfb3dbfe7a1af20b38e49fc3daca6f31a340d2046eb94939e7bf19afa37c1be1592fb429f5db1bb8d2e62d3ed10bc8413e63825381d4639c0fd4920c3024f0b7819351d5e08ac3ecd244649bcbb7964fde1925cec40e7bf5c9ce0fc9db93c87893e195fe9dad24a93c36168e2121bcd082339323ba04e807939c38de3671938af71f8790de7813c416da9da1b9b7bbb8d93154e1d3708dd0c9bce37e3e44e4f2480f9c11f43683f0d342d5cc5aa4725a5ebc6c93c8d35ab978a3120c26f391844d830400e5c9c91815371d8f823c33e2e5d7da5d3ee2cecdee6564b746740b2077c6268cb8ca62359b2411b249cbe7bd7d2df072ff004c8bc3b776cda8472a5dac760d796b309098d6e905c4f8e0e121032e471e6a27df387d1f8c5fb2ee9f16949abe8f2b5b3db46b0cf776ca229ade3320432a63ae4484c839181803818f0dbd83e20fc314379a9e9d16a96362d0c61ad54496d143219e48de709c08a470643191e85cfdcc3dca3f40bc21e09d020692de18a4b38e48d6ebce931c18ee0f43dff7623238c7d46057416bf0af40b69aca58e04fb4584517d9d41cab88e21108e4703240f2e38fa641d9ea2be14f861fb4b1d392db54bcd72ea68b4f86ee7bdf3af0bdd3da8473144064032091e5940ce50ec18e10d7a1781ff6a88f48b5b1b24f14beb7f609ad44773611010c920b6bcf2d244033e5248d6f1e392400ef923262c07d137bf0dfc19e06d12eec11ff00b51d2592e04c3cb0e668c613e73c83bed5d33d9ce30466bca7e30f892c344d66eeef4d9628f51b430bc576900b886ed56cc4fe591c012012c67cbc9000943878cbe7ccbc7ffb409d3f56b3bffb614b39610f6b0a42e43c520fb79495ce00ba8a431ecc00f89761ff005793e4fe2df8d3e1e66bb82df4a11da6ac46b220b690468813cd0761404c7b04b2c7c804a61fa04cd580f77f875f116f749f11d841ab5c43fd8d2dd817177f672365a476d126f7efbe012411e4e7cb8bcd18712646cdff00c45d297c3fa9de7dae59f4f960fb3cf3db4c524b3847967ed1e61c7962326201df9df383b0a3b91f23ea9f19ed21b48ec2c7fd2b4bb9d3e6496c4ce03c7733452c6364dc10823740438c7eeb1c022aa7fc215e34f8a77a2cf50925d334a8e422e20f3ca4024f2e4f289c8de7f8c3be366481c6451626e733f143c79a8fc51f887a96a76b1df47a5cc45940cca63f31141f21cc43780107dc8c67674dfc66bd73f67cf819378bfc5ba7fdaad4dbd9e9b2bdc5dcb0da08de33182883cc39c49bc31c724220f54c7aefc1cfd9834fd5a686d34f8a4bc1f6992096190e76451a4684f64de8ef2a3c991b37870321057d3b2c7e1cf85b617fa6f9105cddd9cccf1dbc73896d07eec49e61230e4040001f7760008e392e51c3fed09e18b0f05fece3e27d142db4faa259dadf46911329b611482e628933ff002d653e739272403924e6bf367e22eb0be22f146976f6ca12db48d2e1b552f9292911004f5e1dcf9a71f400639afa4bf6a2fda0a77984167a99b99c309e4ba7e267981f9e539e413bdd047d00f77f93e4e86774f095c6a1711a432eb170265cff001c510740319c91bfff00ae78a697522caf7394b8749a6fbe4855255867ef8e84e3fcf14f7f32494333625958cdbd5893ce78e9edfa7ad470c40db6c4c079309c920fbf27f974e29eb8f3836d123eeca907dba71ce0f518f4cd6805a48911c8208f2c6773a1e98edefcfe157ada1d827ce70c9182d9398b0411fd074ed9acf81479a50ffcb35076ac984704671cf6e9cfd2b405c18663bf2ee23c0dc00f9bb0231ebebef9a00d4f1558c97964d7e8733db3049530398d867391dc1eb8edf9557d1e54f3a291019e0519644209718cb8e7d00ce73d056d690b2ea91c7042864c841e5700e074e9cf39ebef8c77ac65860d075ebeb48664bbb7858c02627232c01719e9f272848a00db4f2e38e230dbbcbbe3c1673b3cc907571ce79e9f8735a5a1a79371732bcb10092921fb491fdf183fcbf1a8ad264b3ba78913cf4310f2fe6fb9c7cfc649cf1fa0e6b52dad9e17496573213c040a4a6ce003c74e3f1e7de802fd830fb33b4bbb0589dcc307b63f41f854a262a8fbf848c26323191dcff2a236f3a1112064006fda460807a01f5fe552b479da5f0ece71d28026f377f21086f7ebd29adc7a9cff003a7b657046738e7b52c6c0e320d003558ef078c7f214c0022bf3f2718dc69ff7579c8e73d314c3866ce3bf4fa50031e23bbe6c14eed489f73ae39e0548e085da067dc54650a31ee0e7b50031f62839c17cf5a9043b86474a6797b13206c1d314bf37bfe740155976484824a1f9805e83b539c7ca300673c37a5072390c7046377bd08c0aa282012395f4a009543ba65b9c838fcea4420e0027279a8e372d1e0fcf8cf5ee2a449536e5b0075f9bbd00584627616238fc8d4f129dc833ce7f8aabc5962c48e873eb8ab3b303782b9c67e63d2801e899607ef13fcaa4db9ebc8c75a891bd3bff0009a78e410481fa5003db0c32bce6992e36127a1e9c76a19b7e769da29b3440c651b001fc3da80390d69e3b5fb41b74c7dafe7926887f08072318ce6b959b7ef7f2c46923e51837f07a8cfa63f91aeafc418f39249413bb701bce483d338f5208cfa5732b0cb3449be0300605d540070bb38fe7fe7140193ac695e7b5cc68823025298906c4da7904fb0ce3f2a83c37e204d0670245325896fde6f03311ce04a98ef8e0faf5ea055fd5da0bb9888f1e530c6c85b048d9800927a64727b915932a1954866fde1525b6cb8f30601c1e7b0cf4f6ef401d6ea969f3c71ace9245e5878990ef8707241033cfa8f62783d2b9d36f1a398d8092490a6e623b64e7a9f4fe78ef553c39ac416173fd9977e6bc32a8781c3102394e7087d63248ff0039ad9b95cce8e1c9c9209dc39619241f7e071f5f6a00c3b98fed0a48e1c7facea4bf4c01fcb9ed8acb3b515327cc4c9056338ea09fa75039f4ad37937a90c30122126e439de081cf4f500543730f97a6a23f9891c6a3ef81ce5cf4f7279ef40177c36c6e5ee6c23053edd0312ee339c1ce00e067a83dbbd7d7bfb3ee9bff000b0be0968d9bf3a75f3c29606eed9774882d257206de01fdd91c9f4007735f1e6837434fd46d252921187471b46f208c639e99fcc62be9bfd8a751114bab68b3c6d2c16ba8f98c92125234906c2404f98971bc0c772318e6a25b01ef9e1ed30cf2e98896f199e38ad048fe6ecf3610100743f708dfc0cf1f203c0c91ea7f0c351bff000ee936b2c44644f19899d36b46398910c4d9048fb3e70460647719aca9bc2891f86ad24b1b35b3b8b580c7184f2c9194700129c6fc14c91f4ab5a1c7e52c41becc4db6a0a56658f1bf7cc09c0ea36104f24e7e7e98ac8b3d6629adfc4ba85c22cd67a3ea31c21f0e05b5acaf93c21e44788c0ebf7ce79e95cf6bde05b3bb8ae20d57468d1268e3b7693c91b24419744047eee418cfae5091d3815f47ba8eea7b9753e6231deac4e46d491d063f119fc7deb3fe227c4ed07e10f83ae3c43e29d51f4fd1ed94c31c687325c36778b7b78cf0f213ce070324b903a807807c6dfd9a7c07a3197c67aa6ad0f87343b68a18f50bcbadef3a6c495228add234fde3c84c5c1fde1f289de3248f87b48d64f883c5d2e97a32ea972751d4123b222d04d744ef7f2c22071fbc7de3201ee79e39d7f8effb46788ff68af16c575a805d3fc396329fecdd0e19098edc1eee7fe5a4af8f9e43f41b060579acda7bcce9fbd4910f11976da001ee3815a5ec6129599e87a97c35d5f4fd627b0f116b361e17b9882bea16daf7996935bc6f30d84c4e85e477044b88b3841c918af58f827fb2de89f151350b3b4f1cf87755bfb432ccda6dbddbbc8f1e48fb420419d87cb8c3839c090b60606ff96a4b0904b2492459c0e37b75cfa9fc477156749d5353f09eb567ace8b7d3e9dac584c2782e6090a4d1480fdf43f8531fb447ea6f85ff00657d2bc396d71058cd1ddc71daec13ae971f98631b24712e01428644ce79c2607ae7bbd3fe17691a51b21a95ddc4b0d84400851925b98a1307316e3d10fc850bfcfc8243e78e63f659fda66ebe3a7c2ffb41bffb1f8834c6f2357d2b4e631e19f8f3638b3909285edf207c8c0e01d5f1b78f23f0de9b2cd0c9685ffd74f3e488e0024903c80807788e48c46e3aa7c8e411526c749aa6b1a7f82bc3b79e5c12d96976e5649b037cce573e58247fac77320423847d99ed5f16fc67fda12d2e6eb54b0d2e48e57859ad6036dc46124004a049edd0919049ff00639e13e22fc57d77c7d712dc5e5c4969247349e7f3202631bdf3b07b4981d8201e99ae00f83f55d5f47b7964b7912d82a4f2cc911fdd897b74e9f87700734240707e22bed47c43ac3c0f2c8659a410c698e7938c9e327afd6b7bc6ef125e456f6ae7ecf6511b48b68c8748d00f4ef97ffbec77add87c3b75e16d6ae20977dbcba646b70c93c5b0a5cca9b20ce79c8424fe03d6b82d6efe2b8b99de30cbe58080330f931d464e3afeb5a220a261dd6ff3062e20ff009e7d73d48fe5f876ab10ec824046071928491d78073da84612ca9bb8f30fdc8c9c9c77febcfa53e50e91c8eb871cfcaa410063fc064fd45302586146be2ec584591fc5c11c6138f643c7b0abfa6db245832caca436cdc1ba172493f87ff5bb9a8e1d92dffcd94003c91c4dfde24f5ec3a73dba0ed8a6cdac25838b811ade47f3f930c8c761c1eae3aec04e7dc803d6803a1bdd7a4f09e8f125bb84d56fc39b700006d203c799ec4e38cf4e4f615cc68ee9696f13aee78b39c9fb8075fcb8e7fc6b364b8b9d52edae2ee47b9b895f7ccfb4fd3f4000c0c74c56ac17b05b112c8f1a79520f2e350010383c7d79c939ea78a00eb63ba96d962b82b0dbf9b90a8cbfbb046cf90e470833f9e3b735d5e969c15dc4a42c612d9397238f4ee4f51deb87d3ee3ed9791cb0446eb00f1044f81924e320648ce3ae3f956e586b0e5a59fed11ef620c890b0f906f23a67ef93dbb7b5007556aa109c803ab96c7e1fc8548f0c2fe59619756f3393d0f3cfeb51243b51270305c02727db03fa55c2376060f38fbbd68018abb5360381c0a42ee182e3dea44876e39e83f8a91907ce1476fbdef9a008dfe6e5b3d3b1f7a07cb9ef9a9140dcfbb01f1cd31d376007e49f4a008ca06c18ce43721d7b8a17e5c11c8e323f0a57c365475edb69117e53927a73c50047c231e40e7a52b5c943851c522f62073df3514bfeb0ee03340150bfce40dc41fd08a921c3a0dc39c7dea1f1b0e7941f3f5e94ab2af2170a7a7340122397976b29e9c93d0fe356109e98e081512293b3f91a9e252002d8931d180fe94012dbe36e0600e839eb4ae9800f439e08a6a82538e4fa76a947de1dbbedc668024f423a679e2a5e19719ff817a1a6f9436003839fbd5260720723b6ea00180da80f23de99b3775c8f7f5a90280be8291d33c6403d473dfb1a00e37c47bef1c491b9104204c1998f3900f43f427d4e3d2b91b99916de58b064f35896917e4cf190983c819209e7a835d1f891e4b5c260bbbc86150839da70707f2c71fe354f48f0ee897da1d95eea124f7d2cc5b31f9b81e667e701531ce724939c0a00e45eea3bbb972de599193f768ca5ba70880019c7f4e4d584d0754bc80916263849e16f7e400fa60727ae71c0fd6bb486fedb4f1731695696d031e37c78f9063820f527af1d2b2997ed1792c66541017e5dd81326392761fc78f7c9268030a1d0ed6cef20926964bdb9c97dcfc4390382800c9e871d3db8e69d73bcd899546f41212643ce4e71fd01f4f7157755b648e0f2e296392302379367209ce0213d49c7a7afa55690c7717422fb404f3247f28ed0460a118e3df1401896d6e647912508e5d882245c608078e718e99fc29b3299adc39027ce3e461927201ce73fa0ab315b9650761520f299f5246719ed9c7d7d31460ed41d5839ff005b918d98c11f80fe74019c8fe4845746da071c65a4ce78c0e99cf1debe88fd9b3c44347f8c725ba379706bba623a9528ee668b07bf77f9f07dfa1af9f12173888e0004fdecfcff00e4e2bb7f09f8862d0eff0044d6e70f2268b7d14f3205f337daefc4a307b14278a4f503f577c3f742e74a89cec27690c8a08d8dd5d3079c0248ea6963f0fa5bdda4b09023423316ce4fce4e339e3197eddeb9df016b714ba0d85bda0fb422af0f083e5b81d307a6360041e3a800735d74d791d8db5e5ddf5c5bd9585ac6f3cd757126c8e089137c92487b00324d6059c978f7c73a1fc15f04ea3e2cf104edfd9765108e3863189eeee64624451e78df21c64ff004763c0c57e567c6bf8d7e21f8fde379b5dd7e6482de11e45869b6c4fd9aca2cf11c60f527192e7973c9aed7f6aaf8f979f1ebc7625b1564f07e97235be8b612021e4048df7122ff00cf59700e3f85005edcf8b8d264b3ba6b49c286751209464613d79e839c74ed5a256224f41da0c1e748376228c929b9b240f6f4aeef4fd0279ada3ea65922df1bae49451900ecee3f5e79eb5ce7852d76dd3ee8e2ca0c912818e38ff1e2bbfd0758b7b0b8b6492dadafededc4922b4eefb312273bc2107e42e08c1c029ce466b9ea3d4f22bcddf439b3e1a2d732c53e23460789a3f341c7531b80318ce79e07357f48f04c9a8ef8e044bf52db2d562f915fd4ec18ce3b9e13f319faef49f8249a9f81ecfc490dc9b2b29443e54cd831ca64c18e248f1bde4e760f2bcc2e4487e42360e3f47b0d0344be2350035878a69233a6db096c85c941f219252fe62024f403782841c75ae47564b73cda98aa915aab5cf1ad0a4f147ecfde27b7f19f87c9b8b4d86d6f6d91884bcb66ff00591498394076f07a82010722becff8833db7c5df0445ae7857fd334ad7611ab69930e24795ff007525b391802412465241dc90471c57cdff00103c536a6ea4b5bd9048d26d8adca42511628a2fdd458273b117800f6e4e4924edfec57f106db51bcf137c23b99cc66fcbeaba0bae731dd4680dc449961c948c4a9eaf063f8eba68d4735a9eae02bcaaab4c4b6f86f7777ac5b2436e6ee095648ee2158b125941b23072e48de06f001ce1c22630735ea7e0cf0f5df8034b935cbebfb1688c1e7ceeac247d91a0390e09051c84cc4475239f9093debe99ac269d760450c02f333186e14c4647d8064bf38c97911c63a14230066bc5fe37ea978de1bbb8aea3305eeaf3c765238fddc9f3ef9240e07036224fd060e5318e6ba773d73e6ef196bd2df5bdeea779bcdeeab70751991971b0cbc451f7fb91638faf6c57991ff5e4b0ca798727700319c9cf3cf3fcb8cd753e37d54ea5aa9789dc459f9421d83380300fb0c0ae6a6b68cec46e51c672b9c1c8e9d3e9f9d6a40db5c48c9bd25cbaeff94124827af5edce3ea6a48b3731a103129c48779e047d87bf1fe78a7323a4b2c7e6efb90403bb3c3e71d31c9edf5a44712da2467087cd73bf8fe100807b8fafe1eb4017624f2b7a48581053727723dce3a77fc6a37b2b09750692e4483cac09191c84183d801fd7934ad223c8ef3a1d9cfef1801938e5f1d78f5ef52afcf090374032722397923a1c73f5c9f4a007e996da75b3461add5dc4aa647e5f6123909d811ebcf239ae8ad3538ad231f6582d2ce748cbc62da04f9d7070f93c919fe43d6b9e224797e42ff38320e7d8613f2c1fc3d456fc70ecb64758f7bcaa329b48c8c6ff00f0f7c1f7a00e874fbbbcd62e6de6bcb990a3c8018d094440065f001e9d79fcf1c5711a5eb4fabeb72de34724935dddfda636c9250b928064f7d800f7fa8ad9d72e3fb17c3d7122c9279b719b487737f1483f78e3db66ff00c5f3d2b37c15a5a398b1f31049f946718184f4ea08a00f4ed2444f616e96c088163002edc738ab8df7812411daaa59c22ced228130983e58553c93f5f5e0926ae344d8019f79c73db34008846e240e78a5e57a6ecff3a62c6158b873c9e99e01a73bf207279a00639fbf919e9d0d3092c9c0c678dde95236c6cf18a1bfd68da7effb7068021618c1db8e73f3d348f6cffb38eb53b93e5b0c673eb512bee183939ebc500413b0443263803afa75a84282aadf772338c55ad9bf7820b823a377a5c95ff633ce28032910f249c1c7a76a55c2cbce0a7fb229e10baf5e3b363bf6a5d81937bb803a7b500488de69fe3381c7b55843ba2c7e0173fceab43b7b73f4ab31028e3a9ebcb7de3e940132e366483c0cf4a955739f6fe234c0fb4107ef62a45f9718c6c1da80264de5c907a71b7b1a95723ea6a289b73f3c81d067a5487dbeb400a785f941c7a75a07cc7e639a4e59f38fc28e7a8eb401caf8b2ccbdb4f751ef1b7047fc0718fd6b93d364916f2e6c662c80969223fdf3c6f1d33c020fe66bd1b57b3332a0e700fd79e82bce35c7b8d3afecaf2148ccf149bc0539040ea3a774e9eb9340168b9198d67227986e3863bc321e00e3afd3db14c92fe386d4f9692fc85915b19deac99e719fc6ac5fc503c29e4dc23c726d904be808ebedc1c75eb59f0dbedf324f2e32922e0ed0071d41c76c3e7f0cf1cd00054fd990821000f19763d3e4ca73dc1008c76fc6a84d0ecb908a84792c410d1e3e43ce3e983ede98ad0f322f2644631940038563ff002cc127a7e3cf5c605519a141e6c6bd1046e198e7008e3f51cf619a00a17c5a397ca53bc094465a50533f8f5c62aa23f996d1104ba03903a63820e0751edf41c73572fe2258ba65de45e4aa93f3f38e73cf233cfae2a9cb1085c083ccf23cc58e37707ba65f79e99f43f5fad002084b5cf985d086c907231d3af4c73ffd7ae83c36bf6d9af2ce23184bc8a4b4f981084302539ebd40f7cd7391b7c9e53799fbb396e08d80e0e39eff00e1ed5a3a35dc96f77e62f0f18de7729fdd918031c820fc8063f0ef401fa0bfb2bf8e6e3c53f0d3c3f2c7e67da4451c37a864057722241f38c1fde1f24941c70393cd701fb7cfc6cb9d3f4db3f865a5dc18a5d4e217bae6cc8716fbf305b64767d9e691dc08c573ff00b307c43b1f8789e2837d1d9c7a3e9929d7e7973fbf3692c390813a10244d9fefca0d7cff00a6a788be367c55bad52fa07d46ef58bb3757c50e16052f900be7e440001ea11303b1aced66597be0a7c26bcf1bdfda4f73677325a472848a248cbbdc9e00031cf270063a807a004d7d0df1abf63dd460f8563c496a23b9f16e844dc5e47698792eec48fdefdce0bc407980027812019c0afa57e0e7c2bb0f87da15a4ab139bf920e2499819103a0df9c700900200321100404e493e8ab70962c972e329130931d41c76c77cf231df351725abab1f8f3e1bb2175e6ef9d5dc367e72e524439249239c77cf5c135ec3e15f0788a14912ca4e516489a45cbeec8224c6382760e7d0fe15ca78f3c1f17803e34f8b3c336f014b286f9a6d3c1f90fd998192307938c23ece0f622bd3bc2b7fe24d724d3a0b5f2a3b62a0473dedf1b58633948c1049cf3fbbe02678c818ae1af7bd91f2d8d5352e447b0f85ee6e7c37f08b578b53fb4e9769737420b396e0cb14f2b47112214716eef1a12f8d9908e049d00933f35f8a3568f4ebb92008eeedf211f737e76125139c7423ae081ee6bea5367e288be15da68d6be25b4d52f6ff005094dc587f6c492bda10046f6d873891c4b21398b23e727e70727e22f1dea32b6a37114859dc390ca38d833f708ed839cf6e3ad63157691953a6ea492974456f1cf8bcf88a58f648c2042e03b9077e78e71edfcbdeb8ad13c49abf82fc6ba66b7a4486cb54d1ee96eada745ff57346438c8efc819fa9ab53dd4ba7c7063f7fa8cf21f2237c9209ff0096981d79e9ee9f5ceffc3af843aa78ca6d50408d3791044f856de8f23bec1bc8e460ff00e3f815e9d282823e830d49535a6c7e98f86fc6da7fc52f86da178c747296767aa41be7b645328b3b90089612323849011ec3cb27839af90fe3df89ef352f146a3662e4bdb6950f0c001e5dcdc207979efb2340013da4f7acef80ff0010b59f8150eb5e1bf195acd0f8575993cf77921320b2b98463cdc00498e48d0c6fc75f2df276579af8b75b9752b57b9b86486e2fde4bcba455d8a259cf98f1e070004312607a01c56a96a7a070f7c0deddbc91a0059813b871d7d7fcfd0d4363138690174f370630aab938c74ebd09eddc66af3653612a9e6093ef3740100183c7638e9d71cfad25bf96d172f19750e64dad8cae7ee0e3bf51ea3d33564115c87dd3c6c83cb70a377ce8ee5091fcc13cfd6a3974f744c1c4922444ecdc7031f3e7db3d31f4cd5888eed929ff0056570acc474e40de7fbe0638e3ad497722450e0a89090d9c80010473faff00934010a40659a3dc846ec12a8bbc7999c9c71e9fcaa258774c232046199be67c678ec08ede9f5ab8d2e527dee082760d878f4f5e9803ebf853d46dbb946c90ef504331c9e79c6cce3918cd0032d9205f310420464ec0eca311a019ebf9f3ea7bd6d5b4293b875402d0964c600ca639c9cf7cfe38fc2a925bbc8ef1b1570311e5b24bf4041ff27a549adea4fa5d8b6d18b890048d50f5c75383c9f5fc00ed4014b5dbd6d735fd91bf9896b1f96bb470f2e0091ff3fcb8f7aedfc1fa43c41de400b93951b4f047a7a75fe78ae07c21a53dcde449122ff0e5c8e9cf19efdcfe15ebda6a186211c617cb40238dd89e4f39cfb0007d7a5005f440c4e087f2cff0fa9ebfcbf4a7f2cc0003a628485230fb38cff9cd128689b78c91de8018c9f71fa38e94fd9b9b0383de8da00e0600ef8a7ec2727666801376c7c1fbd8ddc5467e5e80f1e9537de5fe0c62a375dcdd32c39a0085d9d79dc0e471ce6a3f276b83eb8f9bb54cbf2b73d7b6d1d7f0a633ec200cf5e375003557e760073da9a13e51c9e94bb03819e38e013fe150954dcdc84e7a5006779a3780cd83f9f153ee0aa467bd47b318183d79e3b5351c8ed91fed1e940162247e4818e3f5ab0ae1b60e464e71559223b86d197fef354e090021e39fe1ed40165188272783c75ab0842847fbdfd6ab2c5f419e40a972531b892475f7e68025591141ca90bfed54a8b91c7a75a85177e4824f6e6a45c0623a7fba28015410d900f4f5a7ed20123e6c74db5106ce3818fae29caff29c700f6a006ce81a2747738e73d7a7b5719e2dd2c10511df647199be76072fdce7b707f200576ee03f7faff3acfbbb272e76809b873274ff003cff005a00f38f0c492ea16573a6347bdec18dc45b58730efc94e4f67271feff00a53dee04a9245c738218c782848d99e7df18acfbfdfe16d4edefecc1792339110ce5e3230413dc1438cf622b5b574b7b6996e2d1849a7dc00f048fc6fc819fc7241c7d4500569630d123f96c4b10926d183dc60f383d8ff3a7dfd9912f43f3b187b642fc99cfd491ce48e94b7823b3f2b7c6a0c98da0e0103d7e993dea2b848aee08c4d1bc12452e0b63907a03ea31bf38e7a50073f363ecf02ab01ced6560738c8ef8e8739ff22a5609267285c66472a72331fc9c74f4cf4f5f6c5176af1457038f3d02c91aa8ff006f0e3183c03cfd2a09819634289bfb3267390339ff00d0f3f95005561b7512061c0574c3e413b4fafe5fd2ac5b31477463cc63efbb60fcbd891f4ebcf351de296727820379cdbd704e7e42ff0053c107b7d453628b6cb215c618e635c1f938e7be7246783f5ef401b9e24bb90f86ad6443f22936174cabf7e25712c43a67db9cf4afb1ff00632f83f2b68f61e21bcb0805b2cb25d07790c8af2b60a44833821011bc9ce0a141c935f1d58b3de69ba969f148c2461f6884c64e4489ce477ce0e41f6afd2cfd9afc636fe25f80de07bf84431490e962d26b7421112480989c73d32c33c7524fa544868f5a9660837bf7ae07c73e366d334f95ed6487ed71831c6ce729e69ec7b7a1e39e0f6ad4f13eb523e9d7091491daaa40c6467c02fce3033d3bf1d7ae6bcb7c472c173712db5dca9e55b491f9d0f9e327e4065909ee074cfac847159147ccdf1abc36fe22f89f6e74f11c9aa43a619af0dc3110c804a4c4c08c925cf988071c0c9e2b88d3757f18789f5005f55ba82ce53f2c7a5451a227038e304e32475ec476af42f02f891fc4567e38d64dbe535fd66216f7321198ad2d11fca8e31db3e6824fa27be6a3f1fa9f851e1f8f58bf8b66ab7d6fe7595b13f3949537c72bc6388d1d3e71fc781c81919e1a952f51c52b9f3389adcf5dc20afd363c9fc5fe3af117c3af139b7d3b58babb9214c482e985c22311d013f37dceddb2474ac1f107c423a935c6a3aa5a91ac5d46922bc449865cfdc7c1e50803a720f4e315cd5cc77f26cbdba8cc8b752c9fbf78f05d80c939f5f9c1c7d2bb2f1c783a0d35fe1f492913c7a9e99048f0db3e5d089e48ca1f47ce38f420f7aea518a693dcefa70845c535abea867c01d060f1af8c64b2d437cb35ca985700bbb97470107be718edcf3d2bef7f827fb3f45e08bbbdbd6b8b99e03208ed1967f2e674031ce0708398c91feb0819c2260fca3f043e196a1e1af8a5a723c463fb549e65bbc72900624d80c850653672491c1fcebf492e2f6c3fb1a4bdb77ff897470f9d1b2028522d81d38ea0ec2871d467915bb3d547c9dfb525ee9d0787acf43bab6b69351d5665b5b79c028e96a763cef1e09d80242e863240fde21c1e31f1bf8e3543737b222a267748e187031904601c76c0fc0f6af6ef8d9e36bdf187c4dbf8ee6e61b8b4f0fc3269d1f928007bbb97f3274c83f3ec40133e898af9e7c47722e759b89d8f9b6e848dfd7f8f3dbebf856895908aeaf2a5b6048048a378c938049048fcf1cfbd58b17813612e8a465c1e0640c139e78e071fcaaac739731dc2177c9126c6907006319cf6ce39f6ab96906c9600bb87eeb0b8c9186f5f4e8783eb4c0bf15b086d91ce233184f311f8c739000ce0f4faf26a85e3cad854707200db2b67008009fc4e4f4e2b50dcfd9a57b60850e080ce093b4939e339e80727f0aa6fbc2f9a80a399467748324804f3c75e463d3da80232d245cb127e40447c8d8e41083dfa9e7eb4f4b8925b629123f96e7797ce4a7380391d7083f2a90dbc4b846441383d140f9393d7d7fae4735a1a7c1e75c08b62c65178893ee1007241ea4fc8450059b6b37b8b8b878e591204c4876fc823da319c919ee7dfae6b96d47fe265a8cb2282f14590158f519c1cf1ee01fc6ba1d6ee9f4dd1590e1ef6ef1b9e36cf971f52467bf27f318ef9caf0ee90fbe0410179246006d3d33903f338e47a1a00ec7c0da5226f95c3111b70fd7240e483db01fa7bd7676adbd46072b94db19cece7afd6a9e996e34dd3a2119cbbe00c12324f39f5cf24e7dc56a59a79487841f37013a63ffd540124451e2053a1fe1e940de78cf0295d7a6ef98ff7a82f8271ce3b5003b77ca30303bd1f81c7d698ae7e5ca6694af4effece6800c054276707f3a4d9bf393cf5a1be5e848ff6695b2fcf53fdef7a0089c1eebc750be8298df331cb818fe54edbf2b2039c0e5b1cfd682bb7ae481ce28020246e1c7cb50ecfeeaef1eb53498c67b1f6a87636e6dabc6680282e542823af63d699f89c3638514ce15881c65b27dfd38a9d13e51807afd6802447f98fcd93fad488dd81c9cf2ca2a0c6d231c826a6494a39c3e79cf4e9f9500594621b8e49e8bdcd4f039e8073d4f3f9d551b540519c9e738eb52a37524671fc59ed401651fe6c0e00e94e47c11c7fc0b350c6e14f00151c9db53300db303a7f15003fa63d3be7d695ba919d878c60d355f0a729b79cd393e6c6067fdea007718e48c8e951dd2031480e40db83cfafbd483a7cc69adf3290725b3cd00705e31d2e3922f3520cf925e465c93f2f53fa0240f63587e1502f52e34067f31f9b8b101b01e41c91e878e47d4d7a4ea563e7a07443be2c95fdd6fe4f518e8738af29d634f9347b812596e824859248e5009789c7209feff047e7cd006a4b6cf6c4c53460480875675048c123a1ee394c7a678a8fec7048b2c595695bf76acdd4b0073c7e0326b42f2fff00b5acedf575408672127853398e500039e38e871ea00a2599e1b9902611f2fb7cd93033cf503a640c7bfe1401cddeec9eea49d5231e7405ff00d67208c6413d38c727dea0b9b48ed8320384694a47bd703a039cfb83fa56bdcdb48d86b77f3415de437c9b0631e9c7607f0f5aa37091b5bdba610031a47bbbf5e38c7a7f2f7a00cbbc48ccc7127ce18025ce303273f8e403c543662488ba382a738233918e463d0f5cf1d2a5859e4670ff00b80c0a32a91c9ec0f1ea00f6ab1f20801d8c08f909e9800703dbaf3fe45006c69330d37555722471170324f2b819f5ec0d7d2ffb1f78cee341b7f15783ae65b75b6b5bb6d4ad3cf207eea7fdd48e0f40018d09c9c0dff81f972de6090c67006083bbd8e08fea3e82bd47e14f8963f0d7c46f076ac511ecefa53a35c7cc06c8a6d918724e07c926c39edd78a4f5407de5ad69525cc3e5c0ec27db9668a5248720b919c7382801f6f4cd785fed2fac8f057c3abf8e0b74fed6d62e069b652e0bf96767ef648c9ec910393c805c63d6bea5d1b4612d8a2088a2bcaea21518321c90727dc81cfb7a1afcf7fda93e271f89df18f59163731dc7877c3224d1b4d480bf96641febee473c979370e3a844ed583d15cceb4b922d977e10da5bda784b45171b92392ec19f0a9f2465e3048321c1380e4871b06067209c731f17341bef187c64d42defe6b8bb8d2f2589a69233e65c4dbde49d8e38323f1bc0f518e0574fe00bb7bcf0d82d1ac452691362741c267fa8e2ba6bb2936926d2da35b6790bbcd3601f35b1b23238ca048f298070e70e7915e3fb4719b67c5ac4385593eba9e3be2df0f457f75e16f095847f6db95b995aecc7fc32cbb0903d701481ff0000cf3c55dfda3b52fed3f1ae8d0699a83cf1f86f48b4b1b3bd36e6170f080e5f61f9890e76648c9f2c12074aedf47d02cfc2da95d6ab0492ff006a659d2e97e47b705f394c1f90e403bfae40e98af1bf174571a8789ef2e245491a66691995b2300f3f53c8fc6baa954e67a743d1c2d6e79249edf9b3e9ff00d9e2483e247856cf5fb736e9ac58e9f78d776b6e8ee4cea318724928ee0f9831c1c9e31d3e85f883e2283c1be09bfd426b896ded24fb5dff009a85d331a6f7001087aa24633d811918e2bf3bbf66cf8bb6ff0003be2f68da96a3752c5e1bbd2d65ac4701247964902574039f2c94930392011debebbfdb27e23ae8be17b0f0e5bb96bfd6799de38f7836b118e4924493f8c48e214cf431b93df8efea7d3c1dd5cf8e35ad5ae2cb4c97ed4643ac4c64d46f5d3f8e7b9c990607a7dcfa8af36bcb49634bb95c4a5c7c9f302017c8de31fa9fc0d75dafdf3bdd24465fde897cc94a9c140e779193db0131fef9e39ae66ee6798e57e4d9be4948e0e5df9ebdfd2b70134d48e3da8086070024a40079f5f43fd6b5a3b946791f24bc670ac63ea7f9e325fd7a76acfd35a7495123dbe648cf82ad96dfd78fa718ed9ad381d91a22e420c18cfce7e454383cf7c9f7ee68024110fb3bc7100583190f978fb993b1063a8ea4d42f67395d883cb32e123da003cf3d3d3927d7a54ad736fe74fb4893cc2e46ddf87527820e73823f2ab570a8f1bcb26e5c871866201c4790063dc8c11d4500451399a744126767cd81c649cb8e39ea5cf1d0f3e95b3a3b1b3c0793cb720642b03818391edebf81150269c526b845d891a138de071ce303f23edc019e2b17c4f7f15b4a9a75be7120d9994fce916f3c1e9d7f3c7e14015ef2e25d635626204c32e2183b7006327ea066ba6d26d83dc3988ffac5d83690307af1db8008f6dfed5cf787a22ab24ea151f2238f7e383ef9fccd763a6db25bfd8dd119b1fbbdd91f5208ebd703d6803a8f289748220366031623a11c719ee08e0fe55a91e5411d464ff3ac9b1b9085048fd46f2b8e99de7231dc63afbd695965adc972460e4eeed9e71c5004f267636d3e5f1f7fd29718c22e7007dd6f4a8d48767ca739c965ede9fa53813b947a7cb8c5003bef3253598fd38ce3ad28c1c05edc9f7a0b15e4293d7eb4007dccf418fef52e7099638c7bd35894231fa535dc8c663dc9ce4e471400ede87057a138f97a54722050767fe3dc51cf01c751ceded4d2a23c0ea339da7b8a0085db71c71d73c75a81b39f97663f1a9e5de1bf1cff00faea291c6f3f30a00cc0e776ce9c71ed5670368cfdfc77a80265cf38ec49f5a7a611b27e87d6801cd8dffe3cd3db728e9d0fddc63eb51eefeee4e3f840fd29eac368c7fdf59a009031080af0073f5a7aefdc8139f5f5c54447f0367a7463fcaa545d9b33c7a2d004a983b1c0391c0dc2a547dad93db8e6a263bdb3bfbfae40a44c194e0934016fcd2393d7ad2b4df303903bf4aabbf0a70f84cf0dcf34e6c14010807ad005857deae071c7eb4210aafc803a537e7da509ed9dbb29bc30cf7cf1ed401279d8ce31bc7f129fe95ca6b7a7c712989e3cc6dbdfcc3c6727393f8e78f7f6aea158e3e6c0c75f6aa9a95b7dbac5e3538901fddeeec6803cfbc38f1596a33595cb489657630dce3130f910e7b73c67fdcab120b8b696e6371209154864ce4c8a0e471fa8fc7bd33c41a747c79a0492c9183324671b0038007d0723f5a9edb517d6f42f36439d52d5879b2e70644ece3d8e093e841ec680089512d896c7944ed2e847c8dc7cf93d060608e79c5655e5a0981758fcb903799b148e0efe78e98e7f1abd2dcc6c8f2317fde821973829c723e9e87eb512b6f79126dd1c863036af6c704e077f7f7e28030ef61f3f7ba960c079d1e78e31c8ededf963dea03957f2c2207dd93b7231c723af3edf535a5b2440d2bc79c904b81929ce73cffb608c7bd664c924d1385e0c63b8e71e9fc87e23d2802c5b10e25dc17cc26400753f539e991cd69e9ef3dc6892d9abe1fe49227c1dd1b0e41ebd41c7f5e6b1606f2e59820077b7c87d7db03b1c9ad4d39879c9c7da37020a063ce467b0f62477e33401fa2df14bf68d8b41fd9a6c3c73697096baef8a34e86d74b8f77ce97d327972b81ce7c822573ee1077afceff09598fb1f90ff00b912148d77907018b9ce08e7381c9e4123b549e3df1b6a173e1ff0e7859ae65361a5dc5cea563997f7319b8319728319077c6e724f43ea2a1f0bcd14692054de8410b229d848c74191f7f27db93f4ae6aab438316db8d8f6af865ff22b80c481e7162bfdc24027dc8f7aeb0315e40eddbffaf5cc780d3c8d1ca64b0411a6e6183909c8fe95b715ea3cf1c6e4895c8007b9c9c01f97ff00aabc497c4cf8cadacdb441ab3c91da3ba4664099ca75771ebfd71edef5e2fae462cee5e718772afe6796d9f33e7e3f0073cff4af75574b8404387c8e0f6c6718fe75e75e35f0ac62cf502a8024850c298e0600c639e3009e7d2b5a3349d99d384a8a12b33c1bc496646f9e2718da1d971ce781cfe75e83a6f8875bf12e9363a86b3766ee4b5b78b45b2dea3cc1690e7099ef8ce33c9c01cf02b96f1c425e622342865768d63c775c275fe9f8d75baa6cd0bc3d6fa7c382608b12647299424bf3fed93c77d95ed53d51f6341de17386d5ee64bfbdbb75957646c40643d9703afa6702a8c4bb6da57f3091228236c9ce738c7e19cfe156921116fdd9cc6b99118679ff00eb0fe5cd3100b885a4964fddf5231c120600c7b73cfa9f4ad4e82e5b2496b149b0ca8f1027e76f9777207d467b55b553722dc091e48d22255b97f90039e3be4f3f8d36dedd1add088df0183ca981d00c8cfa818fe47a55cb185e3525632085f24fef13e4cf6033f51f8fd680224f3198ca9923e48e338c8df9e0ff004f43c5595709692c802c73ff00ab882824a1049e09f4c0e7d454521972806e8fcb5055f1b0799d793db03f520738e2ddb584acb241291b4630aa0f04e01c8ee020e47bd0049737034885a49658cc71c403141bcb9ea3aff067f502b93b27b9d5efa7b99cbe5e52e558e48f41f955cf125eaea576f6ee5d52007cd91b3cca0e30727b600fa9f4153585bbbec89448f3b74df91b0f527d381fce802fe950058632db4f9a4156cf38c8fcfa9cfa04fc2ba482031388e400088f96563e4ec04f7f4c123eb9ef5956d0a23c0a9194739c2b724e3bfd7f9915d059cc3c98f72e10c7e62b647e1fa803d3ae3b5006ce972c0658ed15dde40b80d8e32383cfaf27d7ad68db4cccf2210abc9f947503dfeb8ac1b688472174ca03188c0c743264b9cfae0018ae8adedd0157231b8678f4edfa1a0099bb6e18c1ce6942ee41ee3ad1b06d0dd0f6fa52e0ee3f2e7fa5000d947c8738feef5a4ebd7934fe5b1c641e8185376975e7039fca801133f527a7349fc03fcad2f943764f00fa8a64aae59021d9cfccd8ce40ed4006e75ce7834d7cedc01df2453994ff0010240e3ad4521e30de9d050047226c7041c03fc4066a36ce7e63b4fa548cbf2e3b7f757d2a0782e55888b6245fc233da8033c8db1827071fdda468cbb024fbed279a7b6fdf1e08d80107e5c927b63f5a1538c2e14fae3a8a0073a95edeb8a7072e8768e47f3a5d9b5c90067a67d69763ef1961b003401247096ddbbbfe98a91b0cc1bb8e9da9a8782140cf5f9aa4543bb7b76ee680231b589cf5f6e2951845d46c7cf5a1fcc6c60fcdd0e7fad2a4a769c0eff9d003dd368e9c77cd2b108d9c67279dd4e41851f2ef20719eb51e7e50319c9f4e68025dc7a6094e7bf349bf9210a63bb29a622e73c8e9cf6a064afdcf95ff008718a009dc86ea02127f2a85f393ee475a73b167c8c91fc3ff00d7a86473b092324f45c75f4e68031b58b17c48c43e0e132878dbc8c7f9e99f6ae492e4f873504d42281de01191342a3efa1e5c7b1c61c7ba1f5af437b7173f7c0c77461c7be6b91d7ace4321404c632732bb64f5ebf811d3eb4015efada04749613e65a5d8327c8a08238e7f0c838e9cd546532c69188c26e1cb795c13cfe7c647bd45a24e66b7974797689173359230e8739311f6eff473e952cace24c0120725a4f938c498e4e33d72318ef8c50052455b3778dd41254908c3a9cf23f507f9722a9480c21cb147460636666c1c8e73d79c9c7e62b4ad8c88444bfbb48f69466e7cb049f53d064e33d89a8a4578addc08f0233b195b9e7afe27a7d41f6a00a6ee19cc6d22804f0d8c1e7a0e3d08a9e0f3164f354a4590640afd720ef087b751fafb5408e0a7319254e193b93804e7a771f9e3f19d9fc931be766cc82c63e4719e0f6eb400cf18da4573a3d9dd16c1b57c14da3fd5b7d0e7d33f534df0a6aa8667125989cb124ab1d993b3071e9c0fc738eb835acf6d1eab61796ae65c4d11f704f1b0fe7dfd335cdf83f507b7dd14e6e5012431dbe66c206738fcab2a8b439ababc4f7ff0ddfbdae8f6536c8cfda6de3c6e6c0778ce33fe7fb954355d4c2436d3a4a86de13e66e72705ce4ef23a9e4f4ee107a572f0eb69fd931c09b4ed31cd165b0233bc929d3e71bf041f7ec6992ea69f687425417503636002a0b803246380480474ebd2bc9f67a9f30a87bcd9e976777f67104a9ba48be543bffda3c91ebcef3f955bf11fefb44bd9400248e090b07f4c1cf3fe1ed5c1f83fc5925d241e7496f81146877e1311ecc71ea50724f5c0f7ad897c5313e9daba4a82e2316859631d0cb2121108effc073ee6b274da6733a328d43cd134d175e26d2e1fb4068238daee5110cac68063278e3fe5a7e62b33c417664bab84790fde0256640400a72707d3279ada84b43697da9c237cb3cb141097e8638bbfb0279fc715ce5dcbf6c987972c6f192489339ebd7bfd4fb935ee53568a3eca8c7969a466087fd6cad20e473fbbc9c9e71fa9fcb14d8a2f392747d9198c60a83d81c1c7bf38c7a74ab1784b412976db1aaf99f202372e09ebebc7e9daac2aa2089252ea210049f375f33e7c608ea7d7b019ad0dcd018b14b64440e4e0c8b903e5ceccf5f6f5e981ed4e596386189a101de53b0941c867e0fa9efd7d2a9a3bcd0991e325fc91964544cf391d0739c76f4f6ab56b66f2cc5f0323237a8c801725e41c73c103fc280196bb1d92554e393e8413c673efbc7bf5e9526b7aba695a2f9714999e63b0bc7d7bf4047e3f5fc29f6fe5d8581794c61fc862c58f00e09c8e0fb0fad7213df49a8ea8f71bdf19fddef3929e87f5a00974980477091be240872dbcf3f4f4c7d7ae2ba4b65485fcd773192402f9f5e9c7af7fa01eb59362f0473704491c64ee4e71237d476e71f4c9ad4f39ee3312a3170b2162f8041c77c7738c0f4181da8034ad14dd5fbba7ce98f2f6443a7b67d7903f5ae8f4e48d25e635391c36de4c801e13a613a203d79cf158fa6c36fe646232fb1d5f6b123391c1c0cf5e718f7ad396ee39ad05cda39f35243b79ec07419efb3d7fbfea68035243bede691a3314880b9da7807ee2041d89c1ff0038adbb770b88e500123b1ce001c8cfa7615cedc3196de40885248e46708ea3931e100c771e61039e73bfd2b7345747b5454e90fee476c63ffad8a00be46dfbbc28fc6846ddc85183c0db46ddc79cf3fde3de8551dfe4e7ef2d000eb95e293ee1c1c7fbb4acd9fc052f1818ea4f3ef400c46cb739a195531ddb1493070802ed04119cf3c679a57f9b92719a004f5014d46f196c02471d0d49cede07e9d6a36ca839249f6ef40103fcd91919cd35b667eefe952b26d5c8c631cf1d4547b1df9c9fce8032d576eccf1ce3a7353c69b490bd872579cd346481823df8a72e1180c633cf4a008a32eca3cd1c9ce707207e353a11cf3bb2319f5a6b93290cf8519fe1a5e1d3e63d7f5ff1a001475ddc91df3fa54bb64c63bff7454484f958233fef0cd4a3d179e338f5f5a002294abe77f53fc5fe7de95220ae327eb8a4032db541e7af1d2a4c6d5e7af4dcb4011998cafc82f8380178a915319c9e07f10a41b191004184e7e6e73de91982fdf09c9c8ddce2801c7d40e49e9eff00d293705638001ecaa78fc693874f94671d1a9bb8aa80d9c1ebbbb5003c94c607001fa5336eef9836588c7f9346e3927d3f51e94e59517b104ff7876a0053f2f57c0c74ed599ab422587fe7a38e026324e4f4fc7fa7d6b4132a73839c746a8ae503a676799247f3ae00193401e79789b6647b73e55cc5287b797972187dc19ef9e41ffebd695dc916b56b1ea314720493f773c31e3e49b8474fc7d7fdc356358d07f764fca0600099c0c60647d3dffc2b06cf591a0de191dccb6137c9701467381c49f519209f607b50058bd8512319729b1049955c075cf279f4c138a8ae32850f28d8f2c9623920f1ec320e3ffd55a37914f15dc7b908de7cc8df3927938e7f2fc79e86a95fba2c264b77441feb3d4e7b8f7c673eff0086280295c44f32f9ca864c725410475e7f427a71c7bd4308c458218dbb970769031fe1c73f8d5b8bcd8d2488a7978c98f9fb99e3b7a1c0fcaa346db23a3c450050e4a8e7d09ea38ec7e98a00bb66de4cdfebc798e31b9b04123be3bfd2b91d54ae8de219245326c948914a807613ce3f3c71dc574a97922db87f324c8047ccc47a648fcf7f1f5acef16dbfdaf477bbcc82588f3d785c631f9f3f8d26ae26aeac68d9caff00678f6b991ccb1c91b7963a1f4fe58ff0a482f0c11b8646cc718904b925fa7a761ec3a7e3581a3ea73c4a92178cb8000dcbcbf208e3bf7fceb52e8c0f31e7cbfdc46015c9c0f331d3d719ff00f59ae36b53c9942cec5fd36e4e9b71e7c437955746e71c1ca11d3be48fa56c5f79f6d643c993cdb8da21f90f498e40e7ebdfdb8ae3e079229847210413f297046f21ff004e9ed5d9e8c9f6fd4f4a453fe8f6caf7ccdfef129183f9b914725e4898d3e6a89078a608b46b24b48b609628d60559070e4f27af3c0cf3dab9848a39ae7ca8394798760871c007a1e49cff003adcd7a6376f71e618e48bcf60a838ce077f5e7031df06b0615f24c6562c28647cc8460b751ce738040ee3a75aed3d91d0da3c731479239082e9bd33b08c9ce091dc8e31c126a3bbb72f7731cecb798190ef947091f53d383f4c76ed4eb07fb34271feb2424166383d8f1ce719e7b1a9ad176dacaeb2951f388bcbf41c83927839fc3ad003899e16963f2e309072188c2459c11bc75ce48fe553d807fdc44c2403cc3b5186093c93dfd48efc01503a49325bdbc31f1712205ce7eff5fae3e73f5c7e50ea97c9a4587911c92bdccca447bf253cbc905f079ea38efc50050d66f5670b6aaca238ce5dd8919279d9f80eb8e09ec319ace3194002e10c98cb2f181ddcfe1fad5c5b1f32011a66567ce0a80739c6727b9ef4cbcb3215242e092320630b81c038ebc9c9fca80231aa431c8a239f3821d8ac98e78c64fb0c8f6eb5a106b9689964bb8cc8305937e0373c8fa1e3be703d6a4d3b519ecb4cd0e3b492281a581cca7cb424fef3a9c8ff003f8e2aade5fea370ff0068c9b8404ac6e6048f7e382781e9f95006ac3aa9b38634636f712ba8042c9c6cc9c20f43923d4f6f5ad8d06695e70e238b10a9410af29e61209fd71f803dab906d52e4b8fde460c471f25bc5827b8e9dbf1353e9a97f7d31131865058c9bbecf1e09ee4f1c0c63da803d2b4ab077f227b92731e11778c360124b93f520ff008d6da38b3cc919df12c592a39c8f5c77ed9f6fa579d58687f6868e24fb3ddb9629b76945dbd0bb9cfc89d00ee7b576ba7687716e8f21bfb98f0a76ac3772a0071d797e39ebd791401d0a3c6c88c0ef4701c367e5231c114f53b738ce33597a5e8634f84c5f6dbe0012e231744a267a8e9f53f8d69ee3c60927a8dc734007a8038a386faff75bbd0d925fa6c03ef51b06ec7bfdef5a0051caf0723e948d8ffec6855231cfd293058f3f7bb6da0063614f03241a67f0e1813fe7a54e1033edebcf151f01b25b8c7e14015e5c46b9c71d3e5a6f1fdf11ff00b3e9523be781ce391db9a8761f4a00abb0f00e383da9ed9db86381db77f3a59536a77200fbd8a45e39c1c679cf4a004dbbdf239230403eb48b06ec1ce3d81c734f0517391cf7da695be76f900c0e4ee1fa500376fcc324efea074c7b53b68dc4648f5561d29155d31d49fa76a736ce76f1c676e3d38a006fdce4f191f773527defbfd893d46314d8ff0076a9c7cc40c6eea694eef3319c75c762680041bdb820827f84fb51f778c01f875a4076ef239e7b7a549298f68c939f6a008df7a64f18ec57b1a824628af9e5c8e573dff954f2381fbb3d33d7fc2a16c04e9c1e9bba8a0050fb91f3c903eb48a48cf3939c7bd3b616c06c8038f4a1b0c391f8d0048db7055b2699e6120939c74eb491639c12467b1c7e19a61c12727907b1cf140105cc08d1cf360392bc6e1c64741f4c8c915c76b504b1cee9b237193e5b8f9f9e847d0e78f6fad770bf3a11d73fdd19358faad9b4ff00201f3b72154e49e9c0fc07eb401cae857325c7d9f4ab9c0c214b369320f5e61f527a63dbe956eda148e3f2ee7720704b3313949304f271d49c0fcba66aaea564ae9238736e3390e9d62901ca38efc11f913532de36b766f3b08e3bb8316f7b121c27984f12263b1001cfad00675d29826f35407944b9db8c7500f1f875fd2a0460f2a11b1138752c01238fbff9e7f03cf4ab57e8eecf2b132b8010951d578c13cf5ef50b4662d9bb8f2db278271cf4c7a7278eb820f39a00ac622d32051b3cc1f70608e847e070319f7c55bb6c1865b7971fe903cb2840397238e4fbd2dce63c4bca1501091cf7183c7b707dc52a5c3a30700a10c032eed8075c8e981ffd7f6a00e3a0dd641e27db198bf772600df90707f43fa0ad48af2391d8bf2042e18b63279ea3d4f14cf165afd9f538ef901f2ee5787d990645c11f4c8c7ffaab262b9f242120e4f21dbf5fc2b268e69c4e9a1c2aa46e4891f07e421f3f21c7ff00aabacf0d4ef1785ef351906c97526c46cb94222886c001cf1c823d79ae016596e5e3b7b74f3259a4d91f4396e8091ff0335e93adda476b0c16510223b6823b68936e481b3938cf5efebcf5a7056d42942ceecc392e1fca70d90e00900407238ce323fdbc8fa0155638e485c46dcc909e0b071bdf20803231c60fe44d3e3313c96e1232518ee28e10646327233d7a1a9113ed10fef30f1c8f8d9b41c1ea5c76e007c1ef8ad0e929a2bac323ba1dc589555393b070841ec49e4fe7e9560ffa4f9716d9241d24f2bf8f1c7e1d452a5b18ad221223671bd2111a0f948383d791ce4fe7524889a6db39618693276b0d808fe0280707818cf619ee38007de5fc1a0c73cac024a1cbc5e6b827cc38c718e71f3f1ee3d2b9cd26da5d46e4dc4a57ed1724c9231e42276c03ce7d334c795fc47a9c7c7991c442469c907d0f3cff00f5baf5aeeed6d059081238f64b2004cbcfc83907b7a0e4fd68030a6d3b0fe6425222d1105376360040fa753cfe3e9599a95a06b612ae100202ed3d463ffad5d625bcae86e523d8e1a49b6fdcc67a38fcff004eb5957f6925cbbf9485ce39dec0104267b0f4e4d0057164f71a4e8e8a8a98b08d9493f2f25f3dff0053e959ee91a2c88a5cc583e636d2491d4609e7ea47e1d735a96c9f69d2b4412058a05b202592520808b23f6c7ae463dc66acda594171379666b67f57f307a91cbfe5f950062e95a04ba94d100e60f9b04201d3eb9c0eff00971debbcd33c3096704723c8446171b40c12b919edf971f9d5cb586df47b6c413c09180e1970b8de781900e7007381ed57ad2def25f28194dc2480132af25c632707b0ce01fd28024b0b08e68de5031866c244063938e4ff0019e3f4f5ad28ad825ac3192e98007cbc7e74eb56f3a3f34093e7e3e71d40e9d6a7395193f4a0047e3d3da8c63a124f1de9c176a1e718e949b41ebd0f4a004febf29db4df9ba1cd3f0e4751ff0002149839edfe14003ae5f1d3d299f7548eddbd053d72bedfca8639c06cb1ef400c61f2f4c9a49546c3c007eb4e640ca720fbad42e0edc7dd1dfdc50031d1011819ec7b5325cef3d53db34f721be4e702a3473b17cc68d1f1c8e6802b961c161f87bfd695404620719e833fa508bbf19e9df8fd6874e08cb21f51d6801e7383b54019c1e286cb9e10019e0034a397c1f9cf4fc2809b1300838f4a00604eea003d0ee3c8a7744e83a64e28d9b1875c83ce78a45438d81f7e7ebfd6801ab29e0ec0fc640634f6c67b7b7a526c0cf8c77fbd43e114e78c0e19477f4a006a4afb9c1c673cf4a405c1fde1249e776714a47cfc0f7f947269367ef4e7af7c8ebf8d004800d9820fd71d07a546d186db96c60e78e95222e5b03a7031d7f5a1f3ea18f424114010326e724f5fef546ac42919c1c7d6a771b37e08f6155e6ded92d8541fc4b4008d9f283ab63710391d7dea418fbfd3fdeed4c40579ea4f5e30452e36e09fc5f1c500397e74c924a67eee3a5366590b631c743c60e0f6fca9eb97438ee73d69934be526f3cc67ab3139fa8c50060dfd8fd99d1d78423616f2f78249c03ee4e7f1c572522dc6897297f01cbbc7b2785ce7cf8b1f70fa91fd2bbed462430c9200475c738392383915ca5fdb187627190c481918fa0e79f5fce80219e68e4862922cf9722fcb83c60f38e9ce7fc7bd4102c8f2796a1f3e66c8d94e77e38033f4e3df02abda62d6f1ec247c4530cc2fc3fcf9e83ebcf1eb9f5ab91c62ddd1f0e983b19549cf5fafa7f3f5a004f244d09d84a64107663eefb71dbd3d8d4646e64438e46fc39e739e738e7e94bb8bcc64520a18cbaf6c8efc67f1c7f8d4884b26c1bdd1b918e48e323ebf5ff1a00cdd651352d067b6f2c34f0c7e644cbce0af2403df8cff00915c2f9c668d5464b91d727fcfbd7a2b21913ed6c80a00246dc09c1efce7a1c7f9cd717e20d3c69f7d23238f264fdfc40f18c9e47e07d293134753f09f4e179ae49a84a09b6b04058efc72dc77e0f01ff4ae8753b97bcb6f355c66490128cbd09f9f1d7b83c0fd28f08e94fa47822d91d84736a19bb9a3dbc98fa4609f7c7fe3f55e6923b99247883673bccdb7900a72f823a60739ff000a608cb7b78e289b7607959fb9c70ee071cf4fe7cf4abf676e25923df218e285a312b2c44a04cf098eddb23d71dbabef2cdd4471e0901b12045cec4ecf9239e067f123b55f8acc4511491c24ee72e03670e0f5c63b64673eb40caf3075bcb8790c6fe5848fca32c83183c0e87e407f98e39c5727afdf1d4af24b64402353fe90f9e720faf63edf856cf88b5836461b3d3df7cec1847ba4c88c64e5be99e9ea79f4a7787bc306781c2c649c11db79278c9cf439fd78a00d6f06f86d1ad92e4c71bca932c237638e339c7e18e7bfd2ba7b4b68de52f0c43c80005542089003c9ed9fc7d2ade9d696f68d2dbdb8036b0465c9dc40c9073d339273572d2dbc9b178d4f998df9638f7e3d873fad0064258078bcbc71236c2718e383c1cf000fe759f1684e9bc026488e3774e49c824e4fa63f315d5c56455ddcf0588c60fdc18000fd3f1a2dec17201c9031b770e78e31fca803c76e74b1713dc5bf59c4b2205c9e701075fa73f4cd3ed3c245a5c3d944f18c0f9c8271d78c0e7aff008d7a79f0adb97b8457d914c13733461ce0263fc3934eb4d3add1e5de5d013ff2d40e4fbfd3b0e9c74a00e4b4af01d9ca0493d9469186ff00964361ebfe7ffad5d159f827488c24915a18b1d7f7a497fcce07d2b6eda2f3504699f200da5c9c6f3dc55b4185e0631c0f4a00a567a64163b444841da07cd2135702e7a639fee8a5f7e9cff151fc5f2f045000c33900803ebcd0071eb4bff01e7ad3186f5e33400ec6ec640ff8151f41f95220c91d319cfa50d8f538ed4002fbe3a628fbd939238ed4adf3fe34c281b8e8a680066c6393c75a6f2dd7031ee6a4da15472fc918a8d999d4103dfad0057972cae03e17fbe9d87b531b667efd5890056619ff0080af4aad2aa6f3cd0047b0efd8320638ea734d4627a47d2857e781ec36ff009e69ccdbb3d71d36fe3400acc779ca65faf5a4006ef2c677e32327a0a55f95fae38c75eb4bb0a97da38cf4f4a0015ca9c360640e9de81870720e4738c74a4dc57ef0c7e3dea447dca073e94011ba1ddc0c03effd699b4739ce3b91536df4393ce38c543d1c0d840c67776ebd3ebc5003b66f4c2920678e7348f82bcaf3d060f4a7f3c6307b9dde94d61bd4e0f5e991400d94bf4e8c064548ae1860e01fef523a87ce338fef63a544eca8c5b9eb9e3bd0048c985f9793fdecd054312714df337abf19e9de9caf873b37e31fe714011b01c8394cf3f8531d495e724e78506a695377629e9513a8dc3194c0f5a001986e007247464a1731f23001e4ae3fad34020380d8e3f5a5570783c7fb2680206b78d3e7620201f8803be3d6b9ed621df289c88f11f4079cfe3dba1ff26bab7f9befe33edd6b3752b412472b800654a138ea3b71f8d00713ac5987d3fca3cfcc00d83610f9ebf87b7afad41617af73338ba27edb16239140e1d3b3e3ebc1f4cfbd6c5cda8fb04990a77f0378e13f2e8738ae5b5259f4f78a68f12342bf2a901c383d41f628466803a196d5d5de2500e012bf2f51e9d7af51ed55fc9f9846fbd1245c7ca0923039cfd0f7a9ec6e1352d205c8915e48d8c63cdc1c9e3afae0707db61aad24db930a412e414c1c9cf639cfb63f0a008a69807886400ec9951c024f3c83ef835427d1e1d6ef34eb491b123dc84528b9cc64e24cfd001f4cd5a9191e70ea3cd2401c1c8193c60fb1fcf3d78ab1e19df73aadede82dfb888c0307812483e739cf1c0c7e1401d46a1a944679e749123b4897c95653f7029e07f3cfad737684c51c85dbf7a6423e7c609de7a7e3b01eb9f4e2b53515370b1dba48fb04bf30438e4f538f5e075e4f3e99aad0c6f330e047704823f8f61048e9d48e08fc4f7a0094da242b24933cc7251f77964e5c8fb9d7a75ebed557c41ad45a54265711dc5c34a64854afdfe3e4039ce077cf26af5e341a6d9c42e088ad3aef3fc0981c1c7383d339f4e98ae3ed659fc41aa8bdba8bf780810a28c6c0471c0ea4e78fd28035b40d0e5b865d425592e2f257df238525f9e3e419eb9eddc827a0af42d1f4f923b3537813cc88b616124fcc73924e318008fd7d6b3b42d3a1b1862924c09e55f2f3b49c138f91091d71c67fa62ba59acde6f2d0b80872186d0720f51cfbfe7400b0c252672a7186e173c7bf1f41fcba735611029c601c7038ea3be69fced00f5c7de5e2851b5dc8fca8025660cbbfbffb34d1f36376067a8a5f2fe5e41da7aee346154f4e074fff005d0046ea3792016278eb8a2de216d1041da9e728c3a73cd286dcdc0c1ff6a800c7418cfaf147f0e070d48ca76e474faf5a556da0e68005019c719c7ad44e24789b6928e7a3119c7f8d4aa32bd06c3fc3e94738e9f4a00179cf1cf6db4bf757bd270cdc9f98e05472a974701fcb246378e48f7a0070ce707834bb57771c01d2876f9b8ea69a5caaf4c8cfaf414006edaf83d07cd4ee4676f1de99f217393cff00b548d27cbf281c63be31cff8500499281b3d3a8ef51aae391f3e7a328a69646e4038fad35f8e09e31d54e0d00309019d0e69508da3ff0089a456dfc918c8e36f5a68754c8f7f5a00ae5b0a38f973f769514264139e3ee9e39a154e32a001fece285523bf5f5a0074a4264b1ebc6ea6874507b8ce3e6a90b2056241208fe21519c3640f4c1f6f6a005dff002f539c7009a4627900e08cfcb51b00ad82fd0ff154ccdf3f1dcf27d450035fe719638eff0031e6977f00f19ea36d322dfec50f3b56a6f9114ee1c7f7680180995bd87a7f5a5ff54dd33c7f15488361da7a93c7bd47b8a1c8f9dc723af02801ca3e5f4e79a6b449b70c9ee3069c186f7ca104f2770c8fce971f39032477da280226548df18e3fcf6a95424987183dfd3f5a5d9b5483b71fdda4b7007c9dc1fbbd28011fe6519079e0714c78770e7a76a948defbc2639fce9c576f420b633e9fe7eb40155622e3801091c37f8548f095cf4e3fbb53897c91c7ff00abeb4cc8c839e7b37614015d62d99c120918eb4db8b51345cb91b48c71d39eb56930781c0cf0b9ce0f7a7220d98d9c5007217ba7bbcfb151d1092f1c69d0751f9ff9f5ac4bcb33736d1c4a813629cf947abe394c7af1f87e15dfcd6c1dd1067e4c3e3208358735a4762ef18024cb0c71f70fbfd6803cfad5ae3c3f7a2f217cc480798983c0e84fb75d87ebe98ad97116b1e6cb0c920b6650e3924a0e8133ea3819eb802aceaba5cbbee106d79c1f33771f3f072471dc0c67d857276da90d36f5edd87ee2623a1c678e9e9f8ff8d006a5cb7d8e1324ac711c64b26723238e3db2335b7a35a3699a2db3ca4bce4079318f9da439e47b607d726b9b70755d4ad6c3204524aa24e011e5a8def8f6000aedee2f23b990c96c7cb0edc6c24641c631cf0360ea3dbd68033d70ef2792a5c02f9da438ea487ce39231e94db092dad6c1e7be11c512a8daa54f97e5827bf7cf7f6a9ee5238b4bbb224091c8bb2221bae41cbe01ea4023f026b8bd6757b9d725da808d32365923b7fe17c74e33f74741eb9f7a0086eee3fe128d460996368aca3185420fef707a91df27f9577de16f0fc7e5072c5cc92637f001c7519ebc1fcba6791597e1ed1649ad1c93993cb2e4a8e0ed1c0007f076e3ae2bbd4b74b64f2d879a08cb3b0e304838ff000f5c1ef4012245b1e21925f98cc8c0764efdba741f5ad2877cca8f247b1c824ae7183d39a82dd096c39e1f3d4771c7f2c55c45e5b3f2e793400aadbba0fa522a1dc0e48cd31b258fca3269ea768f5c5001fc273d071c522fddf9b923f87d69643b5be539cd207dcb9e7e9da800dd8e58631e94d660b9c13eb8eb467f5a4cff00164e3eb400a1b6b9c9c0efda9fcf523aff001547e69dc013f37ae6937ed7f99f02801c9851cf03393c538b75f9739e9c55fd17c3daa7896474d32c67be91065fca5c85fa9e82a1d4f4abed0eededefed24b3b91c795321538f5f714015ba30e79c7a74a664af5c13d6ba67f0c697fdbb71e1b1e25b67f17db5a3de49a3476f23796aa9e61532fdd0db79c5725923383f2f7ed4013e47193d7fbbd6866f97e6ce4702a204f00923dfd6b7ecfc11a85d6990ea1757563a3d84f9f2a7d4ef23b6597fdddc726803101381b9b39e3e5a8d9f7f72a7e9d2b675ff000cea3e1d86092e9227b39ffd4dddacc26865ff0075d491587fc3820103de801ece4be0727fcf7a8f76dcfaff007a8ddf2919cfa0a66d3920e4ff00b5eb400c79447f3f6cf718c534cd2ee6f2d5f6678a7b6c7cb1279f97b501b61238eb400c57dcfd82f7dbd6959826768e3af5a8fee7ca71c00dec28425f2100de3dfa500483122ee07af4e720d2b665031c7f5f6a8df1bd33804f4f6a73c448c74e78079a0073f3cb71ecd41da8a48c9fcea224c6c067721eb91dfd6976166e9807db83400f2fbd02e40cf057e94b12e325f01c746eb4d0c51bbb9e01c1e07e3526771ce4a63aee02801bb07f0e075c71f353b765c6471ec734c7528873dce33d726943efc75f7f4a00706283804e3a8fa52a2743c1cfcdea4fe3437f08e848fc452a6140c1c11ef400f118c7006cc7dda19403d483dcad478d928c13ede9522e703682c7804f1400bf7c71dfaf3fad2f95bc92c4e3f2a6040a5dc8e7b81cd4c1414cee04e33f514011ecc9193d78dbed48919cf2423e7dea52db57d79a4e38c3ecff007a8023fe2c7bfdd6a76ddbc1ec453c30c91c91f4a13e5618fa62801ab0a05c93904d65ea56d126f73d64209f608783fceb582e5b2467beec527920ed0d923a74a00e2f56b67825cb801fee2a74f2f233ebefd3ebcd79e78a6cd7c9936a05f2f2e571c05cff00935e99aef3971d3049233d36704f1ef5c6eb96c86321f0400770c7040078ce3bf3e99a008fc06f39b3bbbdb94490d995b547fe325df2e49f5c0c67d38eb5d122c51db94b89c79f6d118c4d8231d77f6e39ce3f9f5151d8684b65a4d95a33a5bf9252eaea561d242379ed8c6303f01e95caf8835b8f53b916d6ee8d6d11c642906e08ea5f1c81c9c77c1f53400dd6352975cb996044952d22919955784393d3fcf5fe7a9a16832dbac80a0370092ccc327071d78e80e063d4fe51685a33bde00b6fe65df9a3ca4542303d3a613d3f0af41d374058ad762edf2c7257b13dbea32323d4f3e82801d6b6623ff4710c89b612155b28fd3807fc07435a3f667d89bdf7c521036b7264c0c01cfbe79a9d6d447713dc1c9728101ce71dcfbfe3ed56553cd94c8547cbc2ff008d000b0fca0b9cb8eeb527caab8fbd47f11dd9007ad0c433609f7fc68003d0003a1fe21d698ee3071827bd389e719069aca0e4f0303f5a007642b67fa530bfcc0e704f40a690a1ea01fca98b8c707e5fad003dc92e33d33fc34d77211b60c9c671ff00d7a43895b94200f4e3348cf8cf5cff00b5400a3e4392721bde944bb718c6defed51b3055e836938a42fb401dfb76a00cefda2756d5f48f83de0c8f48b99ad34abbbbbafed26b672be65c295f2d6423b6cc900fd7b55bf82de29bdf1e7c11d5adb55ba9750bdf0dea109866998bcab69302366e3c901d73cf4cd7a2f86bc25ae6a5e1bbbb0d43c2c7c43e15d4d43c9632b8466c7dd922e772b0ecc0573be17f86917c2ad4357d67c0e6eb5bd32680c1adf8375d020bb6b7ce4bc328c06643c8e01c67ae68db56349c9a495db376ff00c53e19f0eea9e04f18789dd34ed67555bcd0e4d4117e692d5a128b71281d763ed5dde8c7ae2b99d67c3d7da26bf368d34267ba8e5f2c2c00b6ecf2a57d410411f5ae97e3efecdbe22f8a9e19f0bcde16d135183fb1ed662cbaa6c46685c891400a49241dc32073583e12f167c59f895a4cda4f86bc1369a4f896dad934db9f13798e64091a84250104231031bf3eb8c718c7db53ee7a3fd9d8afe4fcb4f5d74f9d8966f046b9a3b5bdc6a7a25f416ad200ecd137dccf23d8e2bc4ff6bd8b5b83e356a51eacdfe85e546da5229fdda59e311851dba1c8fef66baef06fc34f8fba4789fc430787b59d40de58645eccb78d3c6e7a93821813c75c7d0d735e2bfd9e7e29ebfe13d43e227887ccbf853266b9bbb8324ac071804f5f6038ed4bdbd3ee53cb318af7a6ff00aff3e9dfa5cf48f07787a4f867f0574bd13529a49357d7ae17596b463f2d943b0ac6a076670771fc076abafe15d7134b6d43fb22f05885ddf6a6b76d847f7b38e95d77c34bcf891f14fc2b69af27c36d16e75958121835cbfba78e17da00476808da4e31fc63e82b99f85de09f8b1ff0b4c78afc69afdc1d3e1794358c777e71d486d65f262b75380849ea40000c8f5ab8d48c9d9339aae12bd182a952365fd6eb757f339d0e76f38271eb46fc8d9d0e3d3bd6f78a61f09fc3a7697c6de204b4bbc975d07480b737a73d9ce7647ff0235c05e7ed3be1bb1263d0be1ac1710a9e2e359bf926771ea5102aafe66b4390e898f6183f4a6bca777fcb3ff81f5a93e187c58d1fe3578997c2d75e0bb7d06fae61964b7d4f489a42909442ff00bd8df2369db8dc08c645556c2b11bf38f4a007befde3036478186f7a9463071c7e8b4d61b49050efe48069430f3782480719c75a0047601ca90707385eb8f6a518dd80338e9cf4a3f8bb613380d433f3b01e3fbbfd68001b970588007ca38e29158f207d071c75a2670a87277f1e9cd2fcbb88420628004215bbb9ea16947cca10fc9dff001a6fdd38cf3fdd53c9a118ec1b861f93b738c500398154da0fd28d85727ae464509fbaca72483fc228da1981de4bff00773c5003b1f3603923b73d2a4471c9c0231cad0a37b0c8181c06029a888abf7c719cd000547a14f5ef534a7e5c6ece3ad428bb0e43e7a7cad52865d98ed8ee28019111bdc0e7cb20320e71dea45c0c6d3c1fe1a8df2a50005f279f6e3a9ff3dea50d9639f95bdb9a0001f9480718f7a531678070ff00a5479da00ce13f41522cbb946dc63dc75a000a10a06307b353d93be3777a379efd3d71c629fbfe623800e31400dda3710ebf363965a3fd8e7eb9a76fe7048ce31b477a157e5073923fbb8a00c1d7ad93f75b63f2dcb3c9b507dfe000315c1dd08eff0058b0b691c0b7f37e624e06d5f9ce7d7ee57a56a96e2561705f7f963011ba0febcf4af3c99e2b0bcd42ee78be6b4b318de3fe5ac8e020fd3f119a00afe32d7e5ba922d3e1711cf7589a75519299c10839ef9071d8fd6a9695a0c970a5d9c472c60195a603119cf57e71eb8c633f813556d564795e568f7cb7323c9f69c725bd738e00cf4fa7a576fa1e946c8c713c2c8e40dd164f500e323a0c7f88a00d4d1b48161692923cc324782e8b8d8081c75ee3ae3a0f4adcb38a48a0432806568d4b6001df8fa5496f17fa38f9f7f0416f5c9c93f8d58eae72bd4f27140119881c0e41e6a4c6c1c75519a53f3fb9ec691b1ce3d68002a1d70c0104628da580e0027a6da4dc7a9fc697ab027a75dbeb400cf420e334e7f909c60e68ddb339c0ff00768c1c720127a50046ff002a819079e15aa36c267278c53a6de8870f823e6e99c5447951b7231cfad000d217c64e3f95237dcf9b00f34bb76824d30fc8a307e41fc4450068e93e1ad53c472f95a5d9cf79283f30850b05fa9e83f1ae807c22f1400cd2e9d0c181b7f7b770ae3eb96ae07f68fd5bc59a57823c22be1c9aead3c1d71659bd934f2cbbefb73798b3b2f3d36ed078c5787fc38f85de2bf8b7afc5a66896971705dbf7d7936e1040bdde47e807ea7b03401f5f78afe1bf823c4d7b63ad78d7c547c1fae595ac56df68d33c456ea1846a02308c862ad8c7dd35422f89ba72eb30e8ba0fc4cbff001ee9d1c0cd7505f5921970194285b8d8aee0e4e473d3af6ae27e287ecfbf0efc0de009b42d16eaf7c5bf12db618134d90cf212187985a08f2238c2e7ef12d9c735cf7c03f81b7bad2c8fa868fa859ea124af15bcb35a3ec565fbcac71f2907ae715cd8895a1cbd5e87b79452e7c47b677e5a6b99b5ab5e6bcd3d57a1f4427c61bf4f12b6b463ba13f91e40050aaaa75c67a6335931fc528ae7c317ba669d233da5d4ccd34da79df96ddca92be9d2b8b9ff0067dd56dc788f51bbb29af65d35920fb25b16943b1556c85fa3a93c67f2a61fd9a2e2ebc49e1cb6114da5dddf5a3ddcd6f1318ced50b90c0633cb0fd6bcce7937ac77be9af576fcfcfe47db3c3d0a51f72b37cbcad4af1b254e3ceb449ded1777eeb4dd9735f7ebfc35f137fe154f866f85b4975044a3ed13de5ce59dc2fcd824f5272463deae49f1a5bc7de0c92c8079b47d4917cb58e3da912647cb81c02083f9d79759fc0fd5fc55f10e2f0edce8177656b6aaf71bae410254076e76f719efd32456a7833f675bdd5e3d5b55d3ec647b1373f67b6897e54936b6d6700f181c9f7c54c653947923e6bcbcfcfafdfa58deb50c352aaf1155ece33bbb736aed14becdbdd692fe5bcb992d0eff0040f8992e8be1b8f4096de4bad22040a915d438098ee58e07af35e6fa17c653e3ff0089b73e0eb9f1c2783fc20b0301796023827bc71b7f71f6a6194072d86f44c7714cd47f671d66f3e3241a1ca2e25b1367f6a30bb314da38ddb7a75e3eb8ae366f80ba5c9f18e2d2fc5f732f823c353ac8b05e4d10845d48871e5ab3e1537039dc411c7a915d742569a4d5ad75f3edaefe47819a5173c34e74e4e5cdcb53a7c2d34a568a4a2debcdbedabefe97a969de1ef867aa9b1d2fe1ee990df9c482ff005a27529a643cf9a198ece7ae40c558ff0085b3e2752a90c969047da38ec6054c7d365743e21f87baa5c369916996d6b69a0e9769158d9bcbaa44e0c299dacf2161924b13c71d07d79ad6be1eeb9a54326a0f66750d354ee33583a4caa7b8250b63ea7d07d2beb6384c2f24252adabdd69a7ceefd363e0b9a57d8af7df1235dbcb3bb87363646e2368e7b8b3b28a195d33f75a4550707d2b9438c0dc79c7a54d71710c93e42158881f2f191f8e2a269e1072b24b103ced2e0e3f4af3f110a509da8cb99596baef6d774b4bec526dee59d815cfc98c0c6eef8a8d5c6e5c64f3e99269f2421950925d81de36e7aff00934188af5c27fb4a3a5729432494b3e13098fc285674946de08f6a511f0464823a76a731e9c1dbfec9a0060c9c9d9939e8a29d2aef0e0a07e88734a8a4672c3239cd3d47a75cf7a008107185c819c018a7b82eb8e9f8539537be01249feef14e403be33c8e9de80052bb8f23f3efe94bb3cb53820f6a1b2bd464641dadc1a7a26d4182003df3400d89cb7ce319fef0146dcb71c63af4e2a45e7df9fe23d2840370c8e31d680136fc849c8dbc6e34bc16c11d3afad24bb204df33a2000e598f6a919bebc7b5002160ac3a8c53906f53c618fbd232e14139c7d7a53d02072324d0033692bd971fdda7ec09c81cff0079a861c9ce0d2ef3d4f2450026de300926992a6d6c0cff00bdda9eb96fbbdbaa9a726319fc2802376755e48c7dde9cd390e78edf4a5700a7238ea5bad1b46ee47c9dbde8012e3fd491b37900e17ae4e2bcd352b09e6bcbf9208f3009c06773800c71ecc9fa124fd7802bd2db3804e4e390dd6a0b6d36dad54a46994321989273c939fd3b50071fa0f862e11e0b8691a37600a9dc0ba1ce77e3a67f963e95d6d8d80b784020f5c9dc7797ebd4fb7f3abdb234da4050718ce3b0ed40f4f43e9400bb4aff00fae91d703dc7b51927f01fc34bb47181cd000abce0263fdea42c1b9049a559076e074e941f98e3a77a0015b6e7ff00426a14fcdc21ff00ebd2755e79e7eed01467afe1400121700f247a533777ef8a7f0d8db814c6ebdb3400c77e983cf6e314c76da49ce69e7bf1f3939f94d453333e31b1b07a50030faf1c73e94c65cf19f98f5e69cd85724f04f4e298cdc6140f66a00d7d03c67abf85bcd5d2af9eda390e5a200346e3dd58107f2ab9f173c33e23f8c7aadbdde95f1174dd0fc212431f9ba4dc4ef6ad68e140933122e2624e4839ef8e00ae6f9e401edf3545e515c9049c9cd00749a45d68df0ab447d03c0af32cb2e0dfebf30d9757cc3b2e398e307a2839f5ee4fa0e9faef8f755f11d95af833e21e95a3784750952496c6524ea103be0ce154a1dcc5cb904363915e30f16dc138049fe1ed5d25ef8817e0ef812e3c5d71b478835147b4f0f5a91973230dad738feea03c7a92077a894233dce9a389ab87bfb37bf927f83bfde6bf86a4f88fff000b47c731fc36f1abda6816f7ab6726a5e239c482f6ff00680d1a154c31dd919c7031cf35e7fe0dd4be337c55f893aaebd73e2db7d0b51f0c482ceeb51d46631c5048599044a141ce486e06075f5e7d7fc37a6b7809748f0b595bff00686a7e19d167d505983937dab188c841f53b8e077e2bc33f669bbf1837c51d434ad5f49d426d13c4a651ad9bab57448db6bb89cb1184656e73ee47a567ec29f63b3fb53197bfb477efa5daecdeed793763bad07e20fed07e21f8a9e20d09f5fd3f49d6749b3d97da85f2ac7025b87ca10e10e4317041039cf3d2bcafe287c62f8abe0fbc87c0bafea8902683323c10daa0111e328eac00dca4367279e7d735ef173e2ed3b4ab3f0bf893597ff8966a3e778375bbaee2261e65ace7fdc2a727d09ac4f88fe14f0cf88f50b3d1be2069faa36ada428b7b7d634796357bab6ea8b26f0430c1c861cf34bd853ea86b36c62f8676f4496db6cba7eac97fb7bf6a42d1ebca6d9f52365b561592d7ed7e4921f6f979cf500e3ad68f83be286abf18fc209797f25a789fc6fa409a1d5344d76cd1da2877e77c1160647caa1bab0231c679e7fc41e339352f1447aad82496696cb1456b990bc8891a854f9bb9c0e4d72ff183e1df8f07c747f1b7c3ed1b50b88350686fecf51d2a3df1f9a635f30311c0cbeedc1b19c9cf06a951827748caa66189a917094b4b5b64b4ed74af635bc57f0d3c2bf16bc3bac1d1f418fc2de2fb0b492fa18f4e622d2f846373c66124ec7c67057b8e6be6cf057c41f10fc3bd5e2d47c3faa5c69d708c0b2c6e7cb907f75d3a303e8457d83e30d52e3c37e3fb5d62ce386c7584820b9bcb585834515d320f3a3e0e08c920e0f735e7fe2df827f0ff00c79aabeb5a6f88a5f03bdc3f9977a54f60d7312393f3185918614ff75ba7a81c56c79c74fe2f6b2f1069fe1df1458c09656fe21b05bd7b441f2c5364acaabedb94e3eb5cd7eed7864e7e95bde23d434c6b3d1344d11666d1344b35b3b792e30249c64b3c8c0742cc49c5637969fde26802c807b16404f0d51f924bb0ce41e38e0d58b9f97a7f0e314d1feb940f94375c500336608e36fafae691b299723039e476a9e5ff005e3e9504cc763fcc7bff002a003043f2781d4fff00ae97ca0edd80f46a9dada3859942ee0a0e37734c662a148ebbc27e1400c316dde0ff003e6a4880da33f7bdf8cd49b1559f03f8cd44bf33ed3d314000fef039c73d295906dc64807da9e5023951d37d35d8ed45c9c73400df34aeff00e0e7a7634fda54e4f39f7e2a3de7c953de9e88304f7c5002aa0230e3783cf3c8a71cae063f1cd3e0fbb487eec5fedfdef7a00193e5c7418e39a7054e739c63a76cd3d7e7619f5a8e593e5fbabd3d2800f995704ffdf342ae1f71ce7b714b2a8c0fa9a7fafe14011ed1ea7de97a823b75dd8a73f71da8fbcef9f5a0039e491edd6855f94648c91cae6947dccf7c518f9a8023d81b04f2697612571d7a6ded5237fad1f4a44f9df9f4a008d5b0c40c95fad3d4ee50064f6a4de773af6c510c8dbd79ef400e1f3601fce9760efc814df5ff007a948289c12383400aa3041e33f9526cea76d23d2afcca3340098f978f9bd78a3ef7b352fde6553d314e7397a00612541e40cff1546ec707a631f773de9dfecf6aa848f9be51f95003cbf5c7c848e569acdb57ef63fd9e98a56fb947f757b375a008ff0088ed39a89cf5c0033ea69ccedeb4c9fa6eef4008092b8038c522a608eac4f5db4cdeccfb7381cf4a5eebfed039a00dfd063d234cd2359f157880492e89a14692cd6b17dfba776db1440f60cd8c9ec2bc97c1be20d63f685fda37c3775ac286b7fb6c729b4887ee2d2ce13e618d47650aa467b9393c9af68f86915bf88350baf0cea96b16a1a2eb4821bbb69b700c14ee5652a410c08c820d6d78df43d17e0f24ba3783f44b2d163d46231dd5e461e4b9913ba798ecc429ee0628038ff11f88e6d47c61a9eaf0cd2472cb74f347246c5580dc76e08e9818ab1a8fc42f13ead68d6979ae5f4f6d20c18e494e187a1f5ae7e5851b7e47dde9f9d451fef70adc8a00dcd43c353fc4bf84baf78434d646d723bb8755b0b79182fda8a2b2491a93c6edad903be2a7d1ecbc463e0a6931f8e2c26d375bd36f4d8e9c6f14a5c5c59ecce1d4f3846c00c7b71f5c05cc255d0947ce4329c107daa5bcbfb9bfb8692eae25ba90701e772e719e9934011aaee20741db69fd055bb7d56eece378e0bfbb8626e4c50cdb55bea01acd573fbc5ecadc54d347f3eec9ca918e6801cb2bca46e1966ee298abe6ca0b21724639eb48d29c86e33459bf9ae199549fa5003c7f01c63d0fa0fa7a53b86fe2da47046eef49919db81859420fa556fb649fecfe5401ffd9, 1, 'admin@gmail.com', '1d43a95f76d1da7b3c39597ecf00121e');

--
-- Индексы сохранённых таблиц
--

--
-- Индексы таблицы `company`
--
ALTER TABLE `company`
  ADD PRIMARY KEY (`id`),
  ADD KEY `id_region` (`id_region`);

--
-- Индексы таблицы `education`
--
ALTER TABLE `education`
  ADD PRIMARY KEY (`id`),
  ADD KEY `id_jobseekers` (`id_jobseekers`);

--
-- Индексы таблицы `experience`
--
ALTER TABLE `experience`
  ADD PRIMARY KEY (`id`),
  ADD KEY `id_jobseekers` (`id_jobseekers`);

--
-- Индексы таблицы `job_search`
--
ALTER TABLE `job_search`
  ADD PRIMARY KEY (`id`),
  ADD KEY `id_jobseekers` (`id_jobseekers`),
  ADD KEY `id_region` (`id_region`);

--
-- Индексы таблицы `job_seekers`
--
ALTER TABLE `job_seekers`
  ADD PRIMARY KEY (`id`),
  ADD KEY `id` (`id`),
  ADD KEY `id_vud_inval` (`id_vud_inval`),
  ADD KEY `id_vud_inval_2` (`id_vud_inval`),
  ADD KEY `id_vud_inval_3` (`id_vud_inval`),
  ADD KEY `id_vud_inval_4` (`id_vud_inval`),
  ADD KEY `id_region` (`id_region`),
  ADD KEY `id_wuser` (`id_wuser`);

--
-- Индексы таблицы `more_made`
--
ALTER TABLE `more_made`
  ADD PRIMARY KEY (`id`),
  ADD KEY `id_jobseekers` (`id_jobseekers`),
  ADD KEY `id_wuser` (`id_wuser`),
  ADD KEY `id_company` (`id_company`);

--
-- Индексы таблицы `more_skills`
--
ALTER TABLE `more_skills`
  ADD PRIMARY KEY (`id`),
  ADD KEY `id_jobseekers` (`id_jobseekers`);

--
-- Индексы таблицы `more_specialty`
--
ALTER TABLE `more_specialty`
  ADD PRIMARY KEY (`id`),
  ADD KEY `id_jobseekers` (`id_jobseekers`);

--
-- Индексы таблицы `past_resort`
--
ALTER TABLE `past_resort`
  ADD PRIMARY KEY (`id`),
  ADD KEY `id_jobseekers` (`id_jobseekers`);

--
-- Индексы таблицы `region`
--
ALTER TABLE `region`
  ADD PRIMARY KEY (`id`);

--
-- Индексы таблицы `vud_inval`
--
ALTER TABLE `vud_inval`
  ADD PRIMARY KEY (`id`);

--
-- Индексы таблицы `wuser`
--
ALTER TABLE `wuser`
  ADD PRIMARY KEY (`id`),
  ADD KEY `id_region` (`id_region`),
  ADD KEY `id_region_2` (`id_region`);

--
-- AUTO_INCREMENT для сохранённых таблиц
--

--
-- AUTO_INCREMENT для таблицы `company`
--
ALTER TABLE `company`
  MODIFY `id` int(10) UNSIGNED NOT NULL AUTO_INCREMENT, AUTO_INCREMENT=6;
--
-- AUTO_INCREMENT для таблицы `education`
--
ALTER TABLE `education`
  MODIFY `id` int(10) UNSIGNED NOT NULL AUTO_INCREMENT, AUTO_INCREMENT=12;
--
-- AUTO_INCREMENT для таблицы `experience`
--
ALTER TABLE `experience`
  MODIFY `id` int(10) UNSIGNED NOT NULL AUTO_INCREMENT, AUTO_INCREMENT=6;
--
-- AUTO_INCREMENT для таблицы `job_search`
--
ALTER TABLE `job_search`
  MODIFY `id` int(10) UNSIGNED NOT NULL AUTO_INCREMENT, AUTO_INCREMENT=9;
--
-- AUTO_INCREMENT для таблицы `job_seekers`
--
ALTER TABLE `job_seekers`
  MODIFY `id` int(10) UNSIGNED NOT NULL AUTO_INCREMENT, AUTO_INCREMENT=20;
--
-- AUTO_INCREMENT для таблицы `more_made`
--
ALTER TABLE `more_made`
  MODIFY `id` int(10) UNSIGNED NOT NULL AUTO_INCREMENT, AUTO_INCREMENT=14;
--
-- AUTO_INCREMENT для таблицы `more_skills`
--
ALTER TABLE `more_skills`
  MODIFY `id` int(10) UNSIGNED NOT NULL AUTO_INCREMENT, AUTO_INCREMENT=5;
--
-- AUTO_INCREMENT для таблицы `more_specialty`
--
ALTER TABLE `more_specialty`
  MODIFY `id` int(10) UNSIGNED NOT NULL AUTO_INCREMENT, AUTO_INCREMENT=6;
--
-- AUTO_INCREMENT для таблицы `past_resort`
--
ALTER TABLE `past_resort`
  MODIFY `id` int(10) UNSIGNED NOT NULL AUTO_INCREMENT, AUTO_INCREMENT=8;
--
-- AUTO_INCREMENT для таблицы `region`
--
ALTER TABLE `region`
  MODIFY `id` int(10) UNSIGNED NOT NULL AUTO_INCREMENT, AUTO_INCREMENT=27;
--
-- AUTO_INCREMENT для таблицы `vud_inval`
--
ALTER TABLE `vud_inval`
  MODIFY `id` int(10) UNSIGNED NOT NULL AUTO_INCREMENT, AUTO_INCREMENT=2;
--
-- AUTO_INCREMENT для таблицы `wuser`
--
ALTER TABLE `wuser`
  MODIFY `id` int(10) UNSIGNED NOT NULL AUTO_INCREMENT, AUTO_INCREMENT=13;
--
-- Ограничения внешнего ключа сохраненных таблиц
--

--
-- Ограничения внешнего ключа таблицы `company`
--
ALTER TABLE `company`
  ADD CONSTRAINT `company_ibfk_1` FOREIGN KEY (`id_region`) REFERENCES `region` (`id`) ON DELETE CASCADE ON UPDATE CASCADE;

--
-- Ограничения внешнего ключа таблицы `education`
--
ALTER TABLE `education`
  ADD CONSTRAINT `education_ibfk_1` FOREIGN KEY (`id_jobseekers`) REFERENCES `job_seekers` (`id`) ON DELETE CASCADE ON UPDATE CASCADE;

--
-- Ограничения внешнего ключа таблицы `experience`
--
ALTER TABLE `experience`
  ADD CONSTRAINT `experience_ibfk_1` FOREIGN KEY (`id_jobseekers`) REFERENCES `job_seekers` (`id`) ON DELETE CASCADE ON UPDATE CASCADE;

--
-- Ограничения внешнего ключа таблицы `job_search`
--
ALTER TABLE `job_search`
  ADD CONSTRAINT `job_search_ibfk_1` FOREIGN KEY (`id_jobseekers`) REFERENCES `job_seekers` (`id`) ON DELETE CASCADE ON UPDATE CASCADE,
  ADD CONSTRAINT `job_search_ibfk_2` FOREIGN KEY (`id_region`) REFERENCES `region` (`id`) ON DELETE CASCADE ON UPDATE CASCADE;

--
-- Ограничения внешнего ключа таблицы `job_seekers`
--
ALTER TABLE `job_seekers`
  ADD CONSTRAINT `job_seekers_ibfk_1` FOREIGN KEY (`id_vud_inval`) REFERENCES `vud_inval` (`id`) ON DELETE CASCADE ON UPDATE CASCADE,
  ADD CONSTRAINT `job_seekers_ibfk_2` FOREIGN KEY (`id_region`) REFERENCES `region` (`id`) ON DELETE CASCADE ON UPDATE CASCADE,
  ADD CONSTRAINT `job_seekers_ibfk_3` FOREIGN KEY (`id_wuser`) REFERENCES `wuser` (`id`) ON DELETE NO ACTION ON UPDATE NO ACTION;

--
-- Ограничения внешнего ключа таблицы `more_made`
--
ALTER TABLE `more_made`
  ADD CONSTRAINT `more_made_ibfk_1` FOREIGN KEY (`id_jobseekers`) REFERENCES `job_seekers` (`id`) ON DELETE CASCADE ON UPDATE CASCADE,
  ADD CONSTRAINT `more_made_ibfk_2` FOREIGN KEY (`id_wuser`) REFERENCES `wuser` (`id`) ON DELETE CASCADE ON UPDATE CASCADE,
  ADD CONSTRAINT `more_made_ibfk_3` FOREIGN KEY (`id_company`) REFERENCES `company` (`id`) ON DELETE CASCADE ON UPDATE CASCADE;

--
-- Ограничения внешнего ключа таблицы `more_skills`
--
ALTER TABLE `more_skills`
  ADD CONSTRAINT `more_skills_ibfk_1` FOREIGN KEY (`id_jobseekers`) REFERENCES `job_seekers` (`id`) ON DELETE CASCADE ON UPDATE CASCADE;

--
-- Ограничения внешнего ключа таблицы `more_specialty`
--
ALTER TABLE `more_specialty`
  ADD CONSTRAINT `more_specialty_ibfk_1` FOREIGN KEY (`id_jobseekers`) REFERENCES `job_seekers` (`id`) ON DELETE CASCADE ON UPDATE CASCADE;

--
-- Ограничения внешнего ключа таблицы `past_resort`
--
ALTER TABLE `past_resort`
  ADD CONSTRAINT `past_resort_ibfk_1` FOREIGN KEY (`id_jobseekers`) REFERENCES `job_seekers` (`id`) ON DELETE CASCADE ON UPDATE CASCADE;

--
-- Ограничения внешнего ключа таблицы `wuser`
--
ALTER TABLE `wuser`
  ADD CONSTRAINT `wuser_ibfk_1` FOREIGN KEY (`id_region`) REFERENCES `region` (`id`) ON DELETE CASCADE ON UPDATE CASCADE;

/*!40101 SET CHARACTER_SET_CLIENT=@OLD_CHARACTER_SET_CLIENT */;
/*!40101 SET CHARACTER_SET_RESULTS=@OLD_CHARACTER_SET_RESULTS */;
/*!40101 SET COLLATION_CONNECTION=@OLD_COLLATION_CONNECTION */;
